-159.5 63
117.5 32.5
-66 -17.5
-82.5 50.5
122 70
101 51.5
31.5 65
-60.5 -3.5
-77.5 1.5
-111 57
-70.5 -54.5
-70.5 55.5
-127 66
108 26.5
19.5 2
-137.5 60.5
-94.5 52.5
37.5 62
-76 41
-72.5 8
20 1.5
91 51.5
-84.5 35
-155.5 61
-149 66
45 62.5
111.5 60.5
119 54.5
127 48.5
128.5 53
-72.5 18
151 -31
93 52
32.5 2.5
-115 51
128.5 62
-91.5 51
-84.5 39.5
109.5 -1
18.5 65
-66.5 45.5
-120.5 47.5
11 48
-8 42
113 51.5
-77 -9
97 27.5
-51.5 -3.5
-69.5 -15
-62 52.5
-93 57
-73.5 0
22 47.5
22.5 56
130 53.5
53 60
8.5 56
17.5 -1.5
-74 -41
-130.5 66
43.5 65
-94.5 53.5
163.5 66
-115.5 46
-151.5 66.5
-51.5 2
12 -2
11 4.5
123 54
-152.5 66
-74.5 -13.5
-121 50.5
102 19.5
-63 -13.5
-113.5 46
98.5 25.5
95.5 53.5
8.5 50
-113.5 62.5
-89 45
126 63.5
48.5 63
-117.5 57
129 57.5
119.5 -5
36 37
-75.5 47.5
-56.5 -5
80.5 6.5
-84.5 9.5
108.5 57
20 49.5
-109 29.5
29.5 66
-72 -14.5
148.5 -35.5
103 59.5
-112.5 60
-138.5 60.5
106 24
-76.5 50
8.5 51
-77.5 -5
-58 49.5
-151.5 66
19 -4.5
81 60.5
-108.5 58
13.5 61.5
-75 -5.5
-66.5 46
-78.5 43
121.5 47.5
-67 -6.5
-70.5 55
-80 38
100 28
-74.5 -14
105.5 59
-119.5 64
61.5 63
12.5 52.5
118.5 34.5
175.5 -38.5
-107.5 56.5
-123.5 67.5
100 26.5
-84 30
39 14
-75.5 4.5
-124.5 49
108.5 51.5
150.5 67.5
80.5 63.5
-90.5 14
8 59.5
-49.5 -5.5
115 4
29.5 64.5
99 59.5
42.5 63
-73 -45
22.5 39.5
94.5 57
10 62
18 -5
17 62.5
-116.5 55
118 56.5
-66 -11.5
-105 59
-74.5 -10
56 56.5
105 25.5
-63 -5.5
-129.5 60
21 65
119.5 -4
-119 49
111.5 34.5
-66.5 -16
-74 0.5
134.5 56
148.5 -25
-66 55.5
-74 -44.5
-84.5 49.5
-89 16
-115.5 67
21.5 69.5
2.5 48.5
14 59
27 54
-78.5 45
-119.5 55.5
-75.5 -49.5
-132 56.5
126.5 42.5
-113.5 64.5
-1.5 46.5
-77.5 42
-115 52
-84.5 43.5
-72.5 51
-62 -11.5
-87 38.5
115.5 33
-148 66
-88 53
94 28.5
-110.5 60.5
113.5 68.5
-107.5 25
86.5 68.5
-65 5
-150.5 65
15 67
86.5 67
-54 -9
120.5 46.5
111.5 62.5
135 60.5
-74 -9.5
105.5 54
12.5 4.5
-151.5 61.5
-45 -3
-68 51.5
27 1.5
-70.5 -7.5
21 65.5
95 52.5
22 4
-94 49.5
134 54
-95 17
87 61.5
-5 55
-121 62.5
-62 -3.5
15 53.5
-56.5 -3.5
-100.5 50.5
65.5 60.5
-65 -5
135 50
127.5 51
92.5 63.5
98 12
125.5 65.5
137 59.5
-72 -11
-77.5 46.5
134 45
-124.5 42.5
117.5 63.5
42 64.5
-69.5 49.5
-118 50
116 -35
-58.5 -7.5
-40 -15
-68.5 56.5
127.5 61
-148.5 64
122 51.5
31 63
103.5 27
-105 23
-117 56
130 57
132.5 62
-161.5 67
-85.5 49.5
-76.5 -11
120 40.5
-69.5 52.5
-56 -13
131 46
-122.5 46.5
-123 45.5
153.5 67
16 -4
21.5 66.5
118.5 30.5
19 44.5
-72 48.5
-90.5 36.5
-69 -5.5
-73 10
-116 63.5
-75.5 6
24.5 48
-106 42
-107.5 53.5
139.5 50.5
-80.5 46.5
114 29.5
91 60.5
63.5 58
17 46
97.5 24.5
104.5 70
-76 3.5
23.5 45.5
-118.5 45
21.5 -0.5
-78 -2.5
11 43
-68 -7
-124 65
17.5 -5
4 45
-84 36.5
-114 46.5
-93 46
110 32.5
129 61
10 45
-110.5 63
-67.5 -5
146.5 -38.5
23 67.5
-92 35
105.5 58.5
-57 -28
15 0.5
-53 -3.5
115 35
150.5 63.5
-88.5 15.5
103 29
44 65
104 -3
-90.5 54
106.5 61
46 60.5
111.5 32.5
128 52
53 63.5
-136.5 65.5
-94 56.5
133.5 44.5
-70.5 -14
102.5 68.5
-115.5 66
104 -4
44.5 61.5
-93 31.5
115.5 -3.5
33 56.5
9.5 53
136 -4.5
-71.5 -6
41 62
-83 46
-117 57.5
8 44
130 51
-134 68.5
25 47.5
-119 53.5
138.5 65
-83 41
-74 8
-70.5 -2
125 70
-126 60
-72.5 -44.5
-155.5 63
-84.5 31
-137.5 63
131.5 56.5
-61 6.5
-115 58.5
-73 -10.5
133.5 61.5
28 -4.5
22.5 40.5
37.5 53.5
149.5 67.5
-87 33.5
-85.5 45
110.5 -1.5
129.5 57
-89 46.5
-61 0.5
-78.5 51
135.5 56
57.5 59
-3 52
-81.5 41
-72.5 -6.5
-115 51.5
80.5 8
119 67
17.5 51.5
114.5 22.5
-58 -28.5
20 69
-91 55
-85 13
-82 28
13 0.5
-92.5 18
-62.5 -14.5
-92 31
-117.5 62.5
131 49
34.5 53.5
-72.5 49
-57 -10.5
-71 46
-57 49
-7 43
113.5 0.5
17.5 3.5
-120.5 44
-106.5 24
110 22.5
79.5 59.5
-97.5 53.5
0.5 7.5
-64 -3.5
-55.5 -0.5
-78 7.5
-85.5 48.5
-7.5 6.5
-107.5 45
-123.5 64.5
-118.5 50
26.5 45
-56 0
55 58.5
83.5 63
4.5 6.5
-76.5 51
111.5 70
-75 -47
54 66.5
0.5 44
110 49
9 39
55 58
-51.5 -6.5
122 57
-2.5 43
3 50
85 63.5
-64.5 -8.5
-0.5 46.5
126.5 57.5
-94 51.5
120 41
-79.5 33.5
-60 53
46 43
71 66
-107 57.5
149.5 -37
-73 47
-116.5 64
-85 54
150 66.5
-88 49.5
111 30.5
-79.5 35.5
-124.5 62
-98 19.5
-134 67.5
-70 19
141 58.5
-145.5 65.5
-105.5 61.5
115 38
5 60.5
-119 44
10 2.5
-79 51.5
16.5 45
132.5 46.5
15 1
-53 -2.5
37 55
-61 -12
-76 -5
-52.5 -5
109 56.5
-61 -1.5
-93 45.5
-61 46.5
88 27.5
-108.5 59.5
-96 51.5
-73 -2.5
14.5 53.5
-100.5 57
-69.5 -12
-64 50.5
94 27.5
-115.5 48
-90.5 48
58.5 60.5
20 2.5
19.5 3.5
-128.5 63.5
-5.5 34
-69.5 57
-9.5 6.5
-77 45.5
132.5 52.5
-66 -5
-2.5 52.5
-67.5 -17
-97.5 17.5
141.5 60
148 -25.5
-58.5 -10.5
93.5 29.5
-53.5 -10.5
151.5 61
-77.5 5
137.5 56.5
118 69
75 56
0.5 6.5
113 23.5
120.5 23.5
112 54
-3 40
53 65.5
30 1.5
-131 66.5
-91.5 55
-67.5 -9
-115 55.5
48.5 65
123.5 51
-114.5 45
-67.5 49.5
-76.5 39
141 -4.5
93 27
127.5 1
87.5 59
53 36.5
-77 -10
124 13.5
-67 4.5
5.5 48.5
-68.5 -7
49.5 66
17.5 66.5
-70.5 1.5
-63.5 2
119.5 27.5
88 24
134.5 55
-146.5 65
-123.5 40.5
12.5 60.5
0 44
60 65.5
-63.5 -8
-144 66.5
-125.5 61
-63.5 4.5
51 36
53.5 54.5
-61 4.5
19 -1.5
48 40.5
118.5 36
31 -29.5
-123.5 55.5
-119 61.5
-122.5 50.5
-121.5 55.5
-82 36.5
-67 3.5
8.5 41.5
170.5 -43.5
-58.5 4.5
36.5 59.5
108 56.5
-93 56
-60 54
-66.5 55
108 61.5
147 -41.5
86 63.5
-104 53.5
-110.5 61.5
-112.5 44.5
-144.5 63.5
31 69
18.5 -1
-81 46.5
51.5 59
-116.5 50
161 68.5
-128 56.5
-67.5 45
131 50
147 -38
113.5 31.5
-98 21
113.5 66.5
-124 44
14 60.5
96.5 20
13 4
-126.5 58
111 31
168.5 65
38.5 59.5
48 55
-124 46
-86.5 53
-74 40.5
-120 53.5
19 68
-96.5 57.5
-64 0
22.5 4.5
101 66
86.5 65
106 24.5
127.5 63
-113.5 60.5
55.5 59
29.5 0
-76 5.5
-1.5 50.5
133 70
20.5 0
-123 47
117 0.5
-72 42
47 38
18 4
12 46
-149.5 66
130 48
49 59
-142 67
93 61
-73 -5
-6.5 41
56 57.5
-127.5 60
129.5 54
-87.5 53.5
-69 -55
121 61.5
124.5 55.5
-111.5 45
-93 35
95.5 58.5
123 67.5
123 41
118 43
-84.5 15.5
158 68
27.5 54.5
5 6
27 51.5
-57.5 -3.5
-106.5 38
38 59
-70.5 -12.5
-91 50
-129 56.5
135 52.5
-65 56.5
-71.5 -6.5
111.5 69.5
-62 -10.5
-101 61
11.5 -2.5
-68 -11
-62.5 51.5
-92 56
6.5 47.5
-75 42
-65.5 -19.5
135 47
-71 -8.5
131 69
2 50.5
-10 53.5
-125.5 64.5
-95.5 49
-74 5
-144.5 67.5
100.5 19.5
-111 63
-88.5 37
-73.5 -48
-88 32.5
18 50
119 34
98.5 55.5
-112.5 60.5
-69.5 -8.5
-128 52.5
19.5 1
142.5 -6
-73.5 8.5
-116 50.5
8.5 53.5
162 64
-77.5 49
115.5 61.5
37.5 58.5
-102 61
-57.5 -6.5
138 61
-58 1
-66.5 -1
13 -3
11 45
-159 64
-108 25
-78.5 41.5
-127 51
28.5 69
140.5 51.5
27.5 0.5
65 66
67 64.5
-106 45
113.5 50.5
26 46
148 67
-69.5 45.5
111.5 62
118 60.5
-124 59.5
96.5 59
-2.5 55.5
77.5 56.5
-72.5 44.5
101.5 19.5
-108 56
117 68.5
-155 61.5
-103 19
-72 -43
-75 49
14 49
-72 -40.5
141 59
-120.5 61
-81 36.5
-111 55.5
-70.5 -2.5
-60.5 -0.5
-59 2
109 25
86 68.5
-95 33
30 66.5
-83 30.5
78 59.5
-74.5 6
148 65.5
-106.5 36.5
-120.5 50
-107 40
45.5 59.5
-89 54.5
-78 1.5
-82.5 52.5
-127 52
28 51.5
14.5 61.5
142.5 -8
-124.5 59.5
-58.5 1.5
138 -4
81 57
-53.5 -9.5
49 -18
146 63
-101.5 61
-82.5 51.5
-84 46
136.5 61
114.5 32
16 38
95.5 63
-64 -10.5
16 40
-101.5 61.5
27 43
100 62
128 59
-98.5 54.5
16 53.5
-117 64.5
-79.5 49
93 53
-154.5 63.5
20 66.5
-106 53
139.5 49
132.5 53.5
-0.5 43.5
13 10
117.5 35
13 52.5
114 51
-153.5 62.5
-52 -5
114 -8.5
102.5 20.5
4.5 48
156 55
-112.5 59.5
133 61.5
88.5 52
-92.5 46.5
-121.5 39.5
17 60
-67 2
135 55
-60.5 6
123 68
-57 -9.5
105 32
102 -0.5
90 52.5
-66.5 -7
-5.5 57
-72 -54.5
-40 -14.5
-67.5 3
-129 57.5
-4.5 38.5
133.5 60.5
-134.5 62.5
139.5 -4
-146 66.5
115.5 34
113.5 -3
88.5 57.5
-122.5 59
19 53.5
-88.5 54.5
126 53
-127.5 65
-74 -52
149.5 -36
24.5 -6.5
20 48.5
146 -42
60.5 57.5
77 58
-62.5 45
166 55
-75.5 -5
103 72
105.5 25.5
-91.5 48
82.5 64
26 4.5
39 61.5
-88 31.5
-82.5 35.5
-127.5 50
-66.5 52
140 59.5
143.5 60
107 48
-127.5 64.5
-125.5 59
7 44.5
96 64
33 65.5
-94.5 49.5
-62.5 1.5
-84.5 32
92 55.5
-96 49.5
-71.5 -53.5
-115.5 55.5
-140 62.5
65.5 63.5
-12.5 8
-120.5 63.5
-76 -2
-65.5 -10.5
-92.5 17.5
123 60
-92 29.5
131.5 51
120.5 22.5
-129.5 57.5
-58.5 -11
155.5 66.5
15 48.5
-89.5 35.5
40 65
19.5 -1
-109 54
-67.5 45.5
-75 43.5
46 64
-73 45.5
120.5 54.5
-69.5 -13
8 60.5
-71 -0.5
42 63
16.5 -2
-91.5 43
-69 -4
-132.5 68
-110 43
-116 55.5
-69 -6
89 66.5
75.5 60.5
-92.5 52
94.5 52
102.5 63
-121.5 61
-56.5 -2.5
116 29.5
-107.5 28
-56.5 52
-66 46
-74.5 51.5
-124 62
102 25.5
136 -3
-122 40.5
-118.5 60.5
-8.5 53.5
-61 -3
-96.5 51.5
-69 56
115 -34
-128.5 59
108.5 61
-97.5 20.5
-131 65.5
115 4.5
-59.5 -0.5
-70.5 -5
-94.5 55
16.5 58.5
49.5 56
100 64
-128 65.5
144.5 61.5
-112.5 57
-118.5 53.5
-63.5 1.5
-79 34
-125 56.5
156.5 62
-155.5 61.5
27.5 -0.5
-94 47
83 60
15 4
137 50
14 -1
99 51.5
-71 1.5
-116 54
-103.5 61.5
-83.5 30.5
-84 54.5
-58 -10
17.5 3
37.5 56
-88 33
-133.5 65.5
-88 44.5
-56 -8
-65 -7.5
-8 7.5
2.5 46.5
-67 53
-60.5 7
-77 36
-71 44.5
-67.5 -12
-77.5 50
128.5 43
-142.5 63
-74.5 -10.5
-72.5 -41
30 58
89.5 23
-72.5 8.5
-66 2.5
133 47.5
113.5 37
-60.5 -11.5
108.5 64.5
-133 60.5
19.5 64
11 64
-72.5 -10
-78.5 1
-83 53.5
38 -12.5
10.5 50
-75.5 54.5
12.5 45.5
-125 54
-156.5 64.5
-161 62
141 -3.5
-89 34
-129 68
-86.5 35.5
-91 44
-153.5 67
38 61
143 59.5
-59.5 7
-67.5 55
-159 64.5
-110.5 57.5
89 59.5
-61 51
66.5 62.5
-79 40
-58 -3.5
104 28.5
-55 -8
-120.5 62
-62.5 -4
-65.5 -10
-160 67
-112 56
-61 -4.5
115.5 27
-91.5 36
-76 51.5
23.5 53.5
112 51.5
17.5 -6
-72.5 49.5
142 42.5
-61.5 53.5
-89.5 54
36 51.5
34 63
-156 62.5
116 66.5
51 55
-93 34.5
22 46.5
-65 -8.5
-69 53.5
-8 5
-91 31.5
-76.5 -1.5
-66.5 47
87.5 67
-63 -9.5
136.5 61.5
116 35
133 65
72 63.5
-73.5 5.5
-85.5 43.5
0 46
12.5 56
174.5 -39.5
116 67.5
6.5 52
127.5 60.5
-102 53.5
70.5 65.5
-87 31.5
-127.5 56
-87 38
107.5 -7.5
-123.5 65.5
24 50.5
-64.5 45.5
94.5 50.5
-115 57
-132.5 53
135.5 44.5
176 -39
11 -0.5
103.5 57.5
-1.5 53
-85.5 31.5
142 -8.5
124.5 68
-3 41.5
-78 35.5
93.5 58.5
-123.5 53
28.5 53
99 8
134 43.5
54.5 58
42.5 54
11.5 52.5
124.5 61
-69 -55.5
79.5 51.5
-53 -13.5
42 55.5
111 22
12 63.5
-73.5 6.5
83 62.5
23.5 60.5
126 66
103 65
116 3.5
-153 64
39 62
-60 6.5
-48.5 -4.5
-74.5 -7
9 5.5
128 55.5
121 55
-119.5 65.5
56.5 56
16 48.5
103 63.5
-117.5 54
-71.5 -8.5
15.5 66.5
-107.5 57
-53 2
122 63
-65.5 0.5
7.5 62
116 38.5
-71.5 -55
-53 2.5
15 50
-144.5 62.5
-73.5 49
-61 55.5
-72 42.5
88 50.5
-68 53.5
118.5 71
18 2
-127 53.5
131.5 59
-12 7
-76.5 50.5
-96 60.5
-60.5 -10.5
102.5 23.5
6.5 44.5
-136.5 66.5
-118 50.5
24.5 67.5
8 44.5
107 29.5
101.5 58.5
59.5 65.5
-57 53.5
126 -3.5
12 65
98.5 22.5
52.5 58
-0.5 43
114 -3
-82.5 54.5
-99 54
-95 56
123.5 50.5
-73 51.5
19.5 48
-47 -2
-1 46
-7.5 41
-162.5 61.5
-91.5 50.5
-112.5 63.5
98 13.5
-75 -1.5
-152 66
91 61
-74.5 48.5
-88 31
-66.5 -9
-88.5 47
-97.5 58
-109.5 61.5
148.5 60
14 51.5
-108.5 60.5
-58 -12.5
-79.5 37.5
-56.5 -4
103 61.5
-120.5 51.5
29.5 50.5
57.5 66
-74 -42.5
13.5 66
-74 47
-126.5 61.5
-89 46
-129 55
109 63
30.5 2
-93 33.5
-80 49.5
-65.5 -9.5
-90 30.5
-74 -0.5
-89 53
-53.5 -11.5
118 33
27 4
112 55.5
151.5 67.5
-73 50.5
-53.5 -6.5
-6.5 54.5
-105 54
-82 27.5
115.5 37
-96 47
-67 45.5
-122 41
-72.5 -3
-87 39.5
44.5 59.5
114 1.5
157.5 56.5
89.5 22
8 62
-2.5 40.5
14 52
-148.5 66.5
124 53.5
2 46
-90.5 50.5
-70.5 -10.5
125.5 58.5
101 25
29 58.5
-62 55.5
99 28
-3.5 8.5
157 51
14 58.5
-59 -2
106.5 27
-59.5 -9.5
-66.5 51.5
100.5 5.5
22 -2
111.5 52
118 31.5
24 63
27 59
-77 4
11.5 2
-65.5 51.5
-58 -10.5
-132 59
-93.5 32
143.5 -37.5
-0.5 53
-117.5 51.5
-126 53.5
-161.5 62.5
-75.5 42.5
25.5 41.5
-152 66.5
100.5 0.5
-82 42.5
131.5 43
112 61
126.5 60
117.5 31.5
-112.5 55.5
138.5 50.5
-121 51
-73.5 -10.5
-81 44
69.5 58
-107 53
83 50
-156.5 66.5
104.5 57
-1 43
-124.5 61
-56 -12.5
14 -10.5
104.5 59.5
130.5 44
-123.5 55
33.5 40.5
1.5 43.5
-75.5 50.5
24.5 -1
-57.5 -8.5
11 44.5
-141.5 66.5
16.5 63
-76.5 35.5
-124.5 65.5
-65.5 55
14.5 0
-107 39
143 -6.5
-118 45.5
-7 6
-89.5 54.5
-66 1.5
116 71
-75 -8.5
135.5 65.5
-105.5 55.5
90 64
-122 56.5
23.5 1
-133 66.5
8 58.5
-72.5 -52.5
117 62
-73.5 -40
-119.5 50.5
-101.5 53.5
18.5 52.5
136.5 59.5
131.5 47
124 41
123.5 40
-72 8.5
12.5 64.5
-62 54
-158 61
-59 -0.5
-51.5 -2
55 62
-102 19
0.5 52.5
-66 -20.5
38.5 67
-155 60.5
-69 -1.5
-140 68
126.5 65.5
28.5 50.5
30.5 67
153.5 65.5
12 3
-64.5 -3.5
-67.5 46
26.5 54
-1 51
152 -31.5
-70.5 54.5
8 5.5
29 3.5
110.5 23
11 61
-65.5 -7
-110.5 55.5
-106.5 61
-80.5 41
157.5 53.5
-90 46.5
101.5 50.5
126.5 64.5
-53.5 -1
11 49
127 53.5
-128.5 66
-73 46
-63 56
-85.5 50
127 55
15 66
-109.5 46.5
-84.5 38.5
112.5 29.5
47.5 55.5
16.5 52
-109.5 63.5
58 59.5
-48 -1.5
-78 52.5
-63 -2
-73.5 54
-75.5 52.5
-121 57.5
-152.5 64
100 19.5
-136.5 62
5.5 46.5
-119 64.5
116.5 65.5
6 52
118.5 41
-72 41.5
56 62.5
52 64
59.5 54.5
148.5 -21.5
-88.5 36
-9 54
8 46
130.5 52
-150 62
147 62
67 57
-1 52.5
126.5 43.5
-71 53
60 56.5
25 -2
132.5 69
-94.5 36.5
-108 58
47 60.5
4 46
18.5 -5
-88.5 52.5
-77.5 0.5
17 -7
-71.5 -9.5
116.5 38
96 58
17 3
78 64
33 65
63.5 63.5
41.5 41.5
120 52
-72.5 52.5
24 4
46.5 56.5
-4 56
105 53.5
63.5 58.5
128 1
-115.5 60.5
-120 55
-84.5 14
-69 -13.5
-118.5 64.5
18.5 -2.5
97 50
134.5 57.5
22.5 66.5
-122 50.5
130 45.5
-88 45
6 53
-88.5 50.5
82.5 57
16.5 53.5
-66 52.5
-107.5 59
107.5 22
-7.5 5
119 39.5
-118.5 60
-107.5 60.5
9 49
33.5 54.5
-66 51
108 28
-65.5 4.5
14 60
98.5 61
16.5 -2.5
59.5 58
-121.5 59.5
-82.5 46.5
43.5 61
73 17
-149 64.5
-116.5 44.5
-121.5 56
-126.5 65.5
-80 -1
137.5 57.5
29.5 59.5
98 16
-115.5 52
60 61.5
-74 50
25 63
-63 -4
-63.5 0
16 60.5
-84 35
25 -1
-75 -7.5
-1.5 51.5
-70 8
-77.5 6.5
23 61.5
-130.5 63
103.5 28
6 5
-95 33.5
86.5 63
-63.5 52.5
-76 45.5
99.5 24.5
97 49
-56 -13.5
-54 -1
3 46.5
13 56
-90 34
-91 34
135 34
-105.5 57.5
-48.5 -2.5
10 46
-3.5 56
-76.5 -7.5
107 32
-53 -1.5
-60.5 -9.5
101.5 16
-116.5 60.5
-88.5 14.5
-124 64
6.5 59.5
40.5 40
140 36
106.5 29.5
76 61.5
-90 54
10.5 62
-125 67.5
-63 46
57 63
-126 59
-74 -43
-112 45
67 64
164.5 64
109 66.5
-89.5 30.5
-84.5 44.5
-2.5 41
103 22.5
-74 -52.5
-86 34.5
9 59.5
111.5 36
-66.5 46.5
-130.5 54
-70.5 -3.5
-72 -38.5
-73 -43
-72 53
-1 54
123 69
-146 62
11.5 45.5
168.5 -46
-111.5 44
-61 54
-58 -1
-82 32
-51.5 -1
-110 40.5
-135.5 58.5
-66.5 6
-86.5 33.5
-69.5 53.5
29.5 36
-1 47.5
39 9.5
22 60.5
-70.5 -13
38 55
77.5 58.5
160 55
-7 31
99.5 54.5
109.5 1
-101.5 54.5
-107 45.5
-134.5 60.5
100.5 25.5
-88.5 35.5
115.5 30
3.5 46
26 48.5
-151.5 62
-64.5 1
-123.5 65
32.5 61.5
6 50.5
-69 -4.5
20 64.5
-158.5 65.5
-72 -38
-57 48
51.5 61
-88.5 15
-73.5 -2
127.5 57.5
-114 55.5
-72.5 -11
88.5 61
-124 61.5
77.5 31.5
137 53.5
-100 56
-77.5 -4.5
19.5 42.5
4.5 49
-72.5 -0.5
-76.5 49
-141.5 65
-94.5 52
-122.5 43.5
114 71
117 69.5
110.5 24
-67 -10.5
-124.5 40
14.5 -9
-134.5 58
56.5 61
-93.5 55
-55.5 -7.5
-92 56.5
105 -4.5
-6.5 54
14.5 3
-63 53.5
-100.5 56
7 48
96.5 23
11.5 -0.5
25.5 -5.5
108.5 56
-96 56.5
107 15.5
-132.5 62.5
-88.5 46
114.5 52.5
-113 60
105 29.5
-46.5 -3
97.5 4.5
88.5 23
-62 -8.5
113.5 35
31 62
-72 52.5
149 -25.5
-100.5 60.5
104.5 28.5
-107.5 57.5
3.5 46.5
113 35.5
-110 58.5
32.5 62.5
-78 53.5
-142 65
93.5 57.5
29 61
83.5 62
121 64.5
37 40
135.5 52.5
115 60.5
99.5 16
-85.5 41.5
-75 -48.5
-109.5 56
-66.5 -12.5
-54 -8.5
55.5 60.5
84 56
-94 35.5
112.5 37
-78 -9
-99.5 22
-67.5 -10
-60.5 -6.5
16.5 4
-90 14.5
127 63
-3 6
111 61.5
41 62.5
-62 -2
-71.5 -13
123 39.5
-86 40
110.5 67.5
-63 -10
145 -41.5
-66 -3.5
52 59.5
5.5 49
-117 56.5
48.5 55
104 57
22.5 58.5
21 3.5
133.5 33.5
-57 50.5
9 59
110.5 25.5
-68.5 0
98 70.5
21 -2.5
159.5 68
92 52.5
120.5 32
57 54
-61.5 1.5
-103 57.5
151.5 -5.5
-88 14.5
-58.5 48
-109 59.5
-115 47
-90.5 37.5
101 54
89 54.5
145.5 -42
61 61.5
138.5 -6
-116.5 59
-89 51.5
32 55.5
-73.5 -4.5
107.5 14
1.5 46
45.5 59
135 48
34.5 8
-96 50.5
-80.5 47.5
-141.5 62.5
-147.5 64.5
29.5 59
-63 49
-93.5 34
-116 57.5
-3 48
116 55
-78.5 42.5
-101 56
-129 55.5
57.5 54.5
1.5 44
-80 46.5
112.5 33.5
-61 -1
17.5 53
-66 -19.5
148 63
156 62.5
140 -6
-157 61.5
21 48
-8 54.5
18 64.5
14.5 52
-83.5 54.5
32 40
-1.5 52.5
0 48
-63 51.5
-52.5 -9.5
133 56.5
-131 66
120.5 28
-6.5 40
23 50
135 47.5
-99.5 52.5
37 63.5
108 56
-77 39
122.5 61.5
102 2.5
157 66
114.5 -4
26 48
118 31
-125 55
113 31
-142 62.5
3.5 51
-110.5 46
-87.5 54.5
11 48.5
111.5 1
51.5 55
-116 49
42 53.5
-118.5 53
153.5 63
-84 45
156.5 53.5
-160 62.5
-71.5 -11
-131 55
117 65.5
-49 -28
-110.5 46.5
-40 -17.5
10.5 -1.5
100.5 6
-69.5 56
-106.5 57.5
129 52
25.5 57.5
99 56.5
16.5 46
33.5 66
-49.5 -3.5
-68 53
134.5 66.5
118.5 57.5
-90.5 30.5
-59.5 54.5
90.5 51
139 60
146.5 68.5
-155 62.5
-117.5 65
143 62.5
-73 -5.5
-64 -1
15.5 4
-134 60.5
-70.5 -4
113 38.5
-71 -1
-76 3
130 58.5
-88 43.5
-132.5 66
-87.5 34
50.5 58
129.5 53.5
-90.5 54.5
-72.5 47
-147.5 62.5
45 55.5
126 53.5
100.5 1
87.5 60
-127.5 52
119.5 -3
22.5 -3
120.5 17
28.5 61
-142.5 63.5
-126 57.5
-120 62
16 39.5
46 58
-114 65.5
57.5 56
75.5 61.5
-9 43
88 65
-67 51
-53 -27.5
139 35.5
-71 53.5
-74 10.5
86.5 60
55 61.5
-65 1.5
1.5 45.5
23.5 61
126 43.5
132 47.5
-70.5 -1.5
176 -38
-64 44.5
-113.5 44.5
109.5 64.5
117 3
105 22
90.5 50.5
6.5 58.5
-72 55.5
-60 -30
-116.5 59.5
-49 -5.5
94 19
127 42.5
39.5 44
-108.5 45
16 51.5
169 65
-6 34
-143 66.5
-93 36
165 61
129 42
150 66
9 62
-137 67
-67 -18.5
-78.5 42
134 55.5
-72 -3
118.5 26.5
-89 55.5
-69.5 -8
118 43.5
-53 0.5
-79.5 36
133 57
-89.5 56.5
155.5 67.5
-79.5 39
86 50
11.5 54.5
149 -24.5
-97.5 60
-152 62
8 58
-89 52
15.5 62
-108.5 54
-72 -42
8.5 48.5
-52 1.5
-85.5 36
-59 4
-69.5 -11
-77.5 53
72 61
-72 -41
-60.5 -2.5
-140 61
41.5 42.5
33.5 59
115 28
134.5 69
-55.5 48.5
40.5 59
113.5 27.5
10.5 48.5
134 35
19.5 53
70.5 64.5
133.5 62.5
100.5 57
153.5 63.5
-48 -3
-116.5 46.5
-151.5 63.5
-94 17.5
88 67.5
-78 -6.5
141 62.5
-81 50
-51 -5
-97 56.5
133 44
-65 2
-118 55
-57.5 5
102 23
-114.5 46.5
32 66
98.5 57
-2.5 7
-120 60
88.5 50.5
-122.5 57.5
107 56
19 4
-115.5 44.5
-94 53.5
116 33
-76.5 5.5
13.5 56.5
67 62.5
139.5 57.5
-69.5 44.5
-86 50.5
-65.5 3
99 15
98 57
-135 61.5
37.5 54
-159 59
-7 41.5
29 39
-95 53
-135 62.5
75 66
-68 57.5
-128 55.5
-52 -3.5
133 59.5
-127 65
19 1.5
-57.5 3
99.5 12
-146.5 60.5
115.5 58
25 4
2 49
48 33.5
-8.5 52.5
-72.5 -4.5
122.5 52
126.5 67
24.5 63.5
-109.5 60
-92 47.5
-100 55
63 62.5
-129.5 58.5
135.5 34.5
11 46
102.5 -3.5
-77.5 35
116.5 51
-64 45.5
-79 34.5
6 50
13 57.5
-96.5 55
48 65
17.5 4
46 61.5
147.5 66
-60.5 6.5
-69 52
-3.5 5.5
-130.5 55
108 58
-49 -2
-65.5 55.5
139 52
-53.5 -9
6 4.5
-115.5 48.5
-56 -10.5
4.5 51.5
26 -3.5
-66 -4
-98 60.5
-62 -12.5
17.5 47
-66.5 -4
-3.5 52.5
-61.5 -1
-59.5 0.5
-98 17
-119 62
118.5 66
-67.5 57
33.5 59.5
-76 44
-118.5 57.5
-71 43
13.5 65
-150.5 62
115 27.5
113 2
30.5 56.5
-116 56
-151 61
-124.5 52.5
17 -0.5
13.5 42
-93.5 58
108 59.5
19 47
124.5 6
119 70
-62.5 -1.5
149 60.5
119.5 66
-145.5 61.5
9 45
-125.5 68
15.5 -2.5
119 68.5
12.5 46
96.5 56.5
-99 56
105.5 63.5
-77 -3.5
113 60.5
34 56
104.5 53.5
162.5 67.5
130 -3.5
-107.5 25.5
-8.5 42
-67.5 52.5
102 53.5
-100.5 19.5
6.5 58
89 26.5
-120.5 64
128.5 47.5
-124.5 67.5
128.5 54.5
-89 36
5.5 4.5
15.5 1.5
-82 48.5
22 52
-88.5 34
-117.5 64.5
-3 53.5
9 56.5
120.5 32.5
-114.5 59
-155 65.5
20 52.5
45.5 54
70 57
-109 33.5
123.5 66
-75.5 49.5
116 -0.5
-68.5 45
-73 -7.5
-67 -7
-80 35
78.5 60
16.5 65.5
-70.5 9
-91 32.5
-121 42.5
-82.5 31
45 63
81.5 45.5
-53.5 3.5
-119 58.5
11 -4
106.5 58.5
-69.5 2
153.5 69
5.5 49.5
-83 39
-77 39.5
95.5 27.5
-87.5 30.5
-67.5 53.5
120.5 62
-88 38
83.5 54.5
175 -39
-101 59.5
10 59.5
-1.5 53.5
105.5 -3.5
-127.5 60.5
118.5 44
-80 -0.5
122.5 50
125.5 59.5
119.5 32
-1 45
-119 48.5
38.5 40.5
-74.5 -48.5
-111.5 54.5
0.5 47.5
57.5 60
23.5 2.5
27 66
15.5 59
-72 -3.5
-122.5 59.5
100.5 24
-73 -51.5
44.5 60
116.5 63.5
82.5 61
116.5 62.5
120.5 55
126.5 51
-75.5 -1
32.5 63
-125 64.5
-69 -11
116 4.5
-105.5 24.5
-114.5 62.5
-54 -4.5
-129 67.5
-75 -46.5
134.5 47
105 58
-88 37.5
-96 56
130.5 65.5
43.5 64.5
-75.5 -8
10 60
109.5 53
-59.5 -4.5
124.5 62
171.5 -43
138.5 -4.5
-53 -4.5
115.5 31.5
-49.5 -27
104 64.5
-74 -8
-76.5 46
-84.5 43
-93 39
114.5 28.5
132 43.5
14.5 47
15.5 45
124 58.5
105 52.5
107.5 66
-93 54
-72.5 -41.5
113.5 -2
-58 -7
-61 50
-102.5 19.5
-122.5 45
-105.5 59.5
-84 37.5
35 62
-139.5 62
18 60
-148.5 66
30 68
-67.5 5
118 29
26 43.5
77.5 61.5
-115.5 45.5
-95.5 48.5
42.5 42
16 58
-60.5 -4.5
123.5 68
116 0.5
-77.5 42.5
120.5 29
-65.5 -24.5
16.5 54
-66.5 6.5
133.5 44
146 68.5
147.5 67.5
-145 66.5
102 29.5
104.5 24.5
-83 49.5
58 63
94.5 26
10.5 3.5
-74 -2
-154.5 66.5
-126.5 63.5
39 55.5
15.5 -1.5
-61.5 -2
-93.5 49
117.5 54
101 23
42 59
-65.5 -26
107 28.5
-117 52
-82 36
56.5 64.5
-160.5 61.5
14 2.5
-68 -3.5
92 60.5
-114.5 60.5
26 50
22 56
-57 51.5
-57.5 -5
-124 66.5
-126 54
-126.5 64.5
129 51.5
114 3.5
-103.5 61
0 48.5
19 47.5
24 44.5
104 31
-68 -17
-56.5 -3
-64.5 6
-82 33
117 26.5
-58.5 -52
12 47
12.5 0.5
62.5 56
-58.5 -3.5
126 49.5
100 65
-86.5 15.5
17 2.5
102.5 50
-71 57
-90.5 16
110.5 -2
10 4
-87 55.5
112 61.5
24.5 -0.5
-116 62
-1 52
112.5 63
-138 66
-151.5 65.5
-66.5 -11.5
-112 60.5
-73.5 47.5
35.5 58
83.5 61
-128 55
-77.5 8
-67.5 48.5
110.5 62.5
140 35.5
-61.5 -14
128.5 52.5
139.5 48
-52.5 -3.5
117 25
-96.5 60.5
23.5 63
-83.5 35.5
-126 58
-58 -7.5
-112 58
-120 54
-115.5 60
-58 49
77.5 63
-74.5 -43
137 51.5
-76 44.5
19.5 44
-150.5 64
142 63.5
-52.5 -1.5
-92.5 50.5
136 -3.5
-83 47.5
60 55
-153 66.5
41.5 57
-159 63.5
-137.5 66
-94.5 30
49 54
101.5 60.5
138.5 -5.5
-139 66
-3 57
-81 35.5
-67.5 -56
131.5 49.5
7 62
20 42
8.5 45
108 50
117 39
53.5 58.5
-98 61
43.5 56.5
-93.5 57.5
10 53.5
-71.5 50.5
-55.5 -1
123.5 10
-84.5 12
20 48
120 15
-65.5 -2.5
-122 60.5
136.5 35
-146 62.5
-123 58.5
107.5 30
124.5 10.5
73 57
152.5 59.5
7 45
57.5 61.5
-157 67
22.5 42.5
-103.5 57
-121 47
-71 43.5
120.5 59.5
-79.5 47
129 53
-39.5 -17
115 51.5
129.5 48.5
135.5 -4
-92 15.5
112.5 1
140 69
117 35
-47.5 -2.5
17 50.5
148 60.5
-74.5 4.5
-120.5 55.5
-89.5 16
-65 55
-76.5 55.5
99.5 13
115.5 25
-143.5 61
90 56.5
1.5 48.5
63 59
142.5 42
-133 67.5
-65.5 -2
-72.5 46
110.5 57.5
17 54
-69 -2
-53 -7.5
-135 68
-73.5 47
-63.5 -10
112 68
-99 55.5
110 67.5
34.5 59.5
87.5 61.5
-89 16.5
50.5 36.5
-92.5 30.5
27 48
33.5 41
-91 33
26.5 64.5
101 14
14 0.5
31 61.5
113.5 38
88.5 61.5
30 48.5
-74 55
13 60
-93 47.5
27.5 59
86.5 52
-73.5 41.5
-100 57
-73 54
69 55.5
-1.5 6.5
97.5 27
-84.5 48
93.5 54
17 43.5
57.5 52
85 56
8.5 52.5
19 5.5
113 65.5
-90 50
-141.5 66
133 69
112.5 60
159 64.5
5 45.5
96 51.5
-64.5 44.5
144 -38.5
-71 45
113.5 3
40.5 58.5
33.5 68
-120 50.5
-77.5 -4
-47 -3
35 61
18 63
73.5 57
88 22.5
101.5 28
-158 67
-123.5 45
-103 61
146 67
-107 55
57 59.5
-71.5 46
-85.5 53
-154 64
18 65
-158 56.5
-70 55.5
104.5 -3
54 56.5
119 33.5
101.5 13.5
-67.5 48
61 56
-73 51
115.5 68
-69.5 -55
111 0.5
125 67
-76.5 3.5
134.5 61.5
85 50.5
-115.5 43.5
12 -0.5
117.5 67
107.5 60.5
161.5 56.5
-7.5 5.5
-109 54.5
2 44.5
42.5 65
-104.5 56.5
-83 31.5
132 50
-70.5 49
-156 65
-82 38.5
28 -32.5
101 20
117 37.5
48.5 -17
-120 56.5
-88.5 49
-65 -6
110 28
19 67
77.5 60
-159 62
93.5 60.5
106 22
-65 44.5
85.5 60.5
139 37
-72.5 -53.5
-60 -1
-134 63.5
13 55.5
51.5 54.5
-70.5 -9
-79 35
-91.5 29.5
91.5 55.5
147 66
17 68
-89.5 51.5
11.5 45
13.5 47.5
106.5 54
-88.5 31.5
112 71
-82.5 34.5
50.5 64.5
122.5 55
-1 53.5
-82 38
131.5 57
69.5 65.5
144.5 59.5
-80 50.5
113 -2.5
-110 61.5
-89.5 36.5
21.5 -4.5
134 68
-69 -9
24 3.5
78 61.5
141.5 58.5
-75 -1
112 1.5
-71 55
-112.5 61
-70 0
-126 59.5
134.5 45.5
-59.5 -6
-71.5 -3
-64 45
109.5 59
-103 54.5
-136.5 63.5
-7 42
-105 57
-83.5 9
158 52.5
31.5 37
48 66.5
-134 63
-132 67.5
-64.5 -11.5
26.5 4.5
-91 48
-107 60
-129 67
-75.5 45
142 51.5
-125.5 52.5
139.5 38
101 66.5
42 54.5
102 54.5
5 50.5
126 40.5
-76.5 52
93.5 61.5
-119 52
-59 -9.5
56.5 52.5
-80 41.5
117 2
-53 -12
-143 65.5
103 32
106.5 33.5
134 44
66 63.5
-109.5 53.5
-54 49
120 37
118 4
81.5 64
-62.5 -9.5
40.5 63.5
29.5 51
139.5 48.5
-69.5 -9.5
-134.5 65
-78.5 35
18.5 57.5
111.5 64.5
-121 58.5
22.5 60.5
-63 4
23 47
89 68.5
-72.5 -9.5
-132 58
77 33
39.5 60
130.5 62
29 48
-95 57.5
-78 44.5
-116.5 53.5
-111.5 43
57 55.5
-144.5 60
-114 49.5
101 26
110 0
-120.5 54.5
-103.5 53.5
-78 40.5
105.5 28.5
-52 -2.5
-98 56
-82 27
108 66.5
107.5 61.5
-61.5 -9
66 58.5
126.5 54
-84.5 50
152.5 60.5
-73.5 -51.5
-52.5 0.5
-90 53.5
60 58
112.5 0.5
23.5 42
-115 44.5
-75 -11.5
-143.5 68
-91.5 33
-83.5 38.5
-93.5 30.5
106.5 66.5
-80 44.5
94.5 61
-62.5 -13.5
-123 62
43.5 62.5
-125.5 50.5
-55.5 -5.5
13.5 -3.5
-81 42.5
-93 52
-122 38
-107.5 61
-99 19.5
12.5 -5.5
-73 43.5
133.5 51
53 61
-127.5 66.5
47.5 57
19 3.5
102.5 60.5
148.5 -23
-109.5 57.5
124 48.5
-71.5 8
-62 -1.5
-115 54
116.5 69.5
-108.5 55
114 54
-85 55
79.5 55.5
-87 52
146 44
-80.5 51
144 60
104.5 19.5
23 42.5
136 60
-61.5 -9.5
-70.5 -15.5
84.5 63
-122 49
30 53.5
28 1
-119.5 54
-115.5 63.5
14 4
13.5 43
15 -2
166 62
-74 45
101.5 0.5
27.5 60.5
-114 54.5
-150 66
7 47.5
-54.5 2
161.5 56
10.5 44.5
-75 1.5
27 60.5
-67 -55
-78 51
75 63
-62 -6.5
109.5 27
-72.5 6
116 67
49.5 -14.5
-123 65.5
1 49.5
113 68.5
29.5 53
111.5 25.5
149.5 61.5
102 12.5
113.5 -3.5
19.5 64.5
38.5 63
-95.5 54.5
-83.5 47
-2.5 52
151.5 68
142.5 -8.5
130 42.5
-96 59.5
-154 63
150 -35
9 6
-89.5 37
-86.5 39.5
-79.5 47.5
-8 38
117.5 37
-65 50.5
-82.5 46
-83.5 53
-99 57.5
-81 35
86 66.5
66 59.5
32.5 58
-112.5 56
43.5 56
-58.5 -10
81 63.5
-74.5 47.5
118 40.5
-77 51.5
124 61
-122.5 60.5
-77.5 41.5
111 1
72 57.5
-109.5 55
-70.5 -6.5
150.5 66.5
-116 51
-67 3
-116 43.5
79.5 30.5
-86 33
88.5 55
-95.5 48
10.5 -3
88 61.5
-84.5 36
-78 37
146 -38.5
-141.5 67.5
18 -2.5
101.5 52.5
-86.5 30.5
142 70
-127 55
95 53.5
112 -0.5
-156 61.5
-90 56
-68 -10
100 58
25 49.5
-111.5 55
29 63.5
-134.5 68.5
142.5 59.5
135.5 54
-118 61
13 62
-60 -6
14.5 -1
-48.5 -3.5
-71.5 42.5
-8.5 7
79 59.5
51 66.5
-56 48.5
112.5 50
-67 47.5
-79.5 48
66.5 58
-80.5 45.5
36 41
12 4.5
-73 7.5
-63.5 46
10.5 45
66.5 57.5
-73.5 -2.5
129 48
-92.5 36.5
-106 58
-72.5 -42.5
45 57
119 33
7 58
-60 -33.5
119 40
87 55
61 57
24.5 67
125 68.5
123.5 61.5
55.5 61.5
-132.5 53.5
124.5 8
-67.5 -16
-125.5 56
33.5 54
-81.5 37.5
-79.5 44.5
-60.5 -2
115.5 70.5
-70 53.5
-96.5 50
-92.5 17
-132.5 61.5
-74.5 46
-67.5 0
20 -3.5
98 58.5
-113 64.5
108 67
58.5 66
-70 3
-115 60
-143 64
109.5 61.5
-105 54.5
-94.5 32.5
-55.5 -12.5
112.5 24
135.5 -1
24.5 46
130 49.5
-8 40.5
-74 -53.5
2 43.5
152 62
121 -2
-113 63
17.5 67.5
102.5 61.5
56 65
114 38.5
112.5 26
100.5 1.5
-71.5 58
17 -6.5
-55.5 -11.5
29.5 2
14.5 64
111.5 -0.5
9 49.5
-74 -2.5
-74 -10
-64 -2.5
1.5 44.5
-87.5 13
-122 64.5
-77 54.5
-70.5 -15
-79 50
112 69
-68.5 51.5
-60.5 51
75 33
63 62
11 5
154 64
-87 34
-98 59
73 57.5
-84 47
-68.5 -10
12 -3
-120.5 60
-97 29
119 69
-67 55.5
43 56.5
-90 15
-129 60.5
-57.5 -9.5
-61 50.5
156.5 67
19.5 2.5
11.5 43
102.5 12
133 43
113.5 67.5
117 1.5
-4 34
-79 45
11.5 -2
-91 39
-83 53
97 3.5
-97.5 30
140 37.5
148 64
138 52.5
-118.5 51.5
-81 8.5
138 47
-86 31.5
-51.5 0.5
-68 45.5
-87 33
-91.5 51.5
172 -43
115 34.5
114.5 59.5
-64.5 3
139 36
-0.5 40
-69 47
-111 45
-54 1
37 50.5
100.5 19
-122.5 41.5
-115.5 65.5
-80.5 43
-124 53.5
-117.5 59.5
-136 63.5
-134 56.5
-7 58
31 51.5
107 21.5
-112 64.5
-91.5 36.5
-89 32.5
103.5 68.5
111.5 58
-60.5 52
-161 62.5
32.5 52.5
-67.5 -17.5
-127.5 51.5
162 66.5
-112 58.5
7.5 48.5
113 26.5
31.5 59.5
-107.5 58
-106.5 54.5
10.5 2.5
-96.5 54
-101.5 19
-70 -11
131.5 44.5
-123.5 56.5
111.5 26
14.5 41
-78.5 -5.5
-114.5 63
127 38
15.5 38
-122 52.5
14.5 51
26.5 64
-54 3.5
143 -7.5
98.5 62
-124 48
10 60.5
109 63.5
-115 43.5
101 58.5
-97 50
158 56.5
24 60
-127 58.5
127 44
113 59.5
-91 37
-135.5 61
105.5 57
-154.5 65.5
-77 54
-88 34.5
7.5 51
-72 -0.5
-145 64
-75 46
-73 6.5
-119.5 61
100.5 20
20.5 -2.5
15 52
141.5 -4
-93.5 45.5
-4 48
141 -4
109 68
113 63
17.5 -2.5
12.5 3.5
41 40
105 30.5
-91.5 35
31 54.5
-105 59.5
54.5 36.5
-117 64
-64.5 -12.5
-113 54
-134 66
149.5 -34
-7.5 52.5
-120.5 39
-108 39.5
-132.5 56.5
-58.5 53.5
-125.5 67.5
27.5 46
127.5 0.5
-90.5 15
-4.5 33.5
11.5 55
-77 53.5
-98 19
136.5 36.5
119 63.5
22 63
-117 51.5
-81 37.5
-77.5 2.5
20.5 49.5
83.5 57
-63.5 51
-78.5 36
52.5 60
-52 2.5
128.5 63.5
-77.5 54.5
-116.5 58
103.5 61.5
89 53.5
126 60
42.5 58.5
-82 46
-81.5 47.5
28.5 -4
-84.5 13.5
-8 54
7.5 61.5
120.5 47
29.5 0.5
-82.5 34
89 64.5
-122 56
-4.5 58
-106.5 24.5
113.5 53
110 59.5
116.5 5.5
9 53
18.5 69.5
-68.5 -5.5
29 59.5
-76.5 -13
-75 -9.5
-54.5 -7
25 -3
13.5 3
45.5 60.5
-116.5 54
-143.5 66
77.5 32
-138.5 61
-95.5 50.5
-70.5 -7
19.5 67.5
75.5 12
-107.5 26
149.5 63
125 41
-54 -0.5
-62 -11
106.5 23.5
-88.5 44.5
-85 39.5
7.5 44
65 59
122 42
23.5 49.5
-57.5 -10.5
144 43.5
30.5 55
15 47
47 56
-65 4.5
-87.5 15.5
105.5 69.5
-113.5 56.5
-108.5 30
25.5 54
128 58.5
31 52.5
-71.5 47
-144 65.5
114 -0.5
-94.5 35.5
56.5 62
14 46.5
-56.5 51.5
10 0
-68.5 46.5
124.5 57.5
-80.5 46
102.5 63.5
86.5 52.5
111.5 24.5
-79 38
-2.5 40
24.5 57
-109 55.5
118 26.5
22.5 -6.5
35 9
36 11
-119.5 55
26 56
59.5 59.5
-73.5 -3.5
32 59
156 62
-116.5 56
31 57
42 40.5
58.5 56.5
11.5 44.5
-114 56.5
14 1.5
-79.5 49.5
-124.5 66.5
52 62
-73.5 -5
-62 2.5
154.5 68
103 59
78.5 61.5
-94.5 17
97.5 25.5
46 65
98 53
152 68.5
101.5 24.5
114 58
-104 43.5
-93.5 50
-93.5 36
137.5 67
-70 49.5
116 56
39.5 61.5
107.5 49
7 49.5
-87.5 53
-123 52
85 57.5
-99.5 58.5
6.5 51
26 -4.5
-59 -1.5
-98 50.5
-4.5 51.5
-65 51.5
-67 56.5
12 2.5
30 65.5
-65 -23
-75 45
9 5
116 60
37 7.5
90 60.5
99 12
105.5 64
-108 56.5
102 50.5
-49 -2.5
24.5 48.5
-58.5 -9.5
155.5 -7
-53.5 2
-101 58
29.5 48.5
23 47.5
6.5 49
10 1.5
-73 -50.5
-86 31
-78 37.5
124 52
-72 -37
26.5 2
85 60.5
52 65
-92 37
81 62.5
13 43
-146.5 62
116 54.5
6.5 52.5
-105.5 37.5
122.5 41.5
-83 32.5
112.5 0
90 52
-66 -11
-117 48
-67 0.5
-99.5 53.5
-83 32
-84 48
-125.5 57
117.5 54.5
127.5 64.5
-62 51.5
-137 60.5
121.5 -3.5
24 53
124.5 53
142.5 60
54.5 56
-127 67.5
-111 43
162.5 66.5
-107 54.5
-78.5 46
10 50
-82 34.5
-91 29
145 -7.5
116.5 4
-58.5 -11.5
-73.5 -4
89.5 63.5
107 63
68 63.5
-74 6.5
-66 -2.5
-72.5 56
-97.5 20
-79.5 -4
-108.5 28.5
-3 5
-88 13.5
-144 68
54.5 56.5
125.5 42
-76.5 2.5
27.5 51
-132.5 62
92 24.5
101.5 4
113 28.5
-63 -3
48.5 60.5
93.5 27.5
-122 51.5
94.5 56
-97.5 17
153 65.5
-99.5 57.5
128 57.5
-57.5 -6
-58.5 4
-70 -16.5
-86 48
-151.5 67
134 44.5
10 0.5
157.5 56
-101 19.5
-92 51
-64 -0.5
15 47.5
120.5 29.5
-133.5 66
74 57
9 4
-91 15.5
105.5 22
2.5 42
-6 5
72 63
92.5 21
25 61
-69 54.5
90 62
-85 14
130.5 46
-97.5 57
-87.5 38
13.5 2.5
-73.5 1.5
-129 66
98 24.5
21.5 -3
150.5 -23
98.5 65.5
15 3.5
11.5 44
-58 2.5
-67.5 52
-92.5 31.5
60.5 59
31.5 69
59 63.5
-59.5 51
-74 -4.5
-65.5 43.5
16 59
-60.5 46
-92 35.5
-130 59.5
-67.5 -55
-92.5 32
21 0
121 68.5
-67.5 -15
-160 65
119 27.5
-65 -3
-67 1
9.5 46.5
-119.5 63
-105.5 35.5
110 65.5
-159 63
-79 40.5
-1 49
95.5 61
-95.5 30.5
-75 51
6.5 51.5
-90.5 32.5
5.5 59.5
101.5 59.5
-94 51
113 37.5
-67.5 -3.5
152 64
112 53
-92 43.5
125 43
-55 -9.5
108 15.5
7.5 46
144 -5
168.5 -44.5
-73 -47
94 25.5
115.5 55
116 61
43 42
-87.5 52.5
100 55
-86 34
7.5 5.5
146 -7.5
-148 64.5
112.5 36
142.5 70
-90.5 55.5
-90 52.5
-116.5 62
-125.5 63
84.5 56
127.5 41.5
29.5 57
68.5 61
92.5 55
-59.5 47.5
-60.5 -7.5
9.5 51
-89.5 14
-90 31
89 24
-98.5 20.5
-101 44.5
113.5 26
136 36
-2.5 42
-123.5 63
-119 55.5
150 68.5
-49.5 -4
-86 35
-111.5 46.5
-105.5 36.5
-107 46
-83.5 34.5
-90 53
131 63
89.5 60.5
125.5 60
41 65
137 60.5
84.5 64
50 62
-116 48
113 53
100.5 71
-112 63
-83 37.5
-123 60.5
-103 18.5
121 30.5
-59 -5
-61.5 -6
8 4.5
126.5 41
119.5 31.5
-110.5 61
133.5 50
-95.5 31.5
111.5 63
-64.5 0
120 40
-60.5 -10
-78.5 -5
92.5 25
-69 -10
-4 55.5
-79 48
88.5 23.5
24 -1.5
-125 62.5
-56.5 50.5
44 62.5
99 14.5
-88.5 51.5
129 49
73.5 60
104.5 65
-58.5 3.5
-58.5 0
-73 -39
-56 -10
-40 -17
109 48
-75 6
-91.5 30.5
-92.5 56.5
38 54.5
-52.5 1
-67.5 -8
-82 51.5
140 52
123 64.5
-71 48
9.5 46
-84 14
63 61
-118 64.5
-7 52
18.5 66.5
-102.5 59
-85.5 51
96 62
110 36.5
-97.5 19.5
70 60
88 60.5
50 37
51 60.5
107 27
-68 46.5
0.5 8
-79 43
-148.5 64.5
-1 42
-64 52.5
-92 47
-97.5 28.5
103 25.5
13.5 47
148 69
-81.5 29
118.5 37.5
-87 55
-54.5 48.5
37 13
-101 55
-86 50
126.5 49
-89.5 46
-110.5 43
-120.5 38.5
102.5 54
-121.5 42.5
80.5 59
129.5 61
-100.5 59
107.5 25.5
-125 53
103.5 23
-66.5 -10
9 46.5
128.5 55
110.5 30.5
128.5 50
50 58.5
160 66.5
-82.5 30.5
12.5 -3
115.5 29
11.5 48.5
-68.5 -12
85.5 65
125 65
-94 46.5
-84.5 12.5
-72.5 6.5
80.5 60
-77.5 50.5
-59.5 1
17.5 -1
97 18
122 56
-74.5 54.5
12.5 4
122 50.5
-63.5 -3.5
-111 46.5
87.5 52.5
-124 65.5
49 -14.5
-66.5 54
-66 55
-64.5 -10.5
-67.5 -7.5
37.5 57.5
-94 32
45 54.5
-117 55.5
-71 58
66 64
29.5 57.5
6 59
7.5 49
-7.5 42.5
-39.5 -16.5
-62 2
-63 0
-74 -6.5
118.5 32
-84.5 48.5
-73 53.5
-88.5 45.5
36 58.5
-102.5 53
-141.5 62
-74 -51.5
-58 0.5
162.5 64.5
44 63.5
-65 -18
56.5 62.5
-124 54.5
-71.5 56
15.5 0
-133 66
-49.5 -6.5
104 32
-117.5 54.5
121.5 62.5
134.5 53.5
4.5 7
21 2.5
-130.5 67
-82 31.5
-73 9
-76.5 -4
-118 45
139 -5
105.5 60
-111 57.5
-102 54
128 38
-111.5 39
110 24.5
128 41.5
132 34
22 52.5
128 52.5
40.5 56
130 52
-125.5 57.5
113 1.5
96.5 52.5
101.5 68.5
-156.5 61.5
-47.5 -2
134.5 50
122 64.5
5.5 5.5
125.5 55
129.5 56
28.5 47
-56 -3
-161.5 62
-9 6.5
-128 64
89.5 24.5
112 29
-131 67.5
107.5 59
126 69
-72.5 9.5
132 62.5
-62.5 55.5
102 -1
82 28.5
121 65.5
-85.5 52.5
89.5 64.5
-112 35
97.5 49.5
-119.5 51
-88.5 37.5
137.5 35
32 67
-65.5 44
142 46.5
-124 62.5
-68.5 -3.5
-61 55
14.5 46.5
-94 35
-65.5 53
-99 60
32.5 50
115.5 69
147 -28
38 66.5
100.5 48.5
-57 3.5
130 67
101.5 66.5
-121 60.5
-100.5 19
87 50.5
-119.5 43.5
-77.5 55
37.5 40.5
141.5 44
-60 -6.5
6 59.5
11.5 61.5
82.5 51
-72.5 -9
-149 64
-69.5 -5
42.5 61
130 49
-125.5 53.5
119 69.5
-107.5 59.5
20 41
128.5 37.5
-107 59
116.5 63
-84 52
-73 46.5
25.5 55
64.5 63.5
-95.5 49.5
113 34.5
103 28
-63.5 -0.5
53 62.5
-70.5 53
109 50.5
97.5 51
156.5 68
52 62.5
114.5 63
113.5 -1
-63 -8
126.5 38
-84 15
-101 17.5
-56.5 -7.5
82 57.5
-95 58
107 66.5
150 -30.5
-3.5 48.5
130.5 56.5
24.5 51
12.5 1
-68.5 -9
-56.5 4
113.5 57
137 61
97.5 21
93 56
-67 2.5
123.5 70
-67.5 -1
97.5 49
133.5 50.5
74.5 56
-59 53
155.5 67
-86 54.5
-74.5 42.5
125.5 53.5
105.5 34
-128 50.5
-123 44
120 15.5
-135.5 65.5
-61 8
-148 65.5
137.5 51.5
14.5 -10
-75.5 3
25 1.5
-78 -0.5
-85 30
-93 51
-60.5 54
153 68
-58.5 -8
120.5 45
15.5 -7.5
-77.5 -6.5
-71 -12
-78.5 37.5
157 67
25 44.5
-71.5 57
109.5 54
61 63.5
-64 0.5
129.5 41.5
134 50.5
-117.5 66.5
137 48
-55 -5.5
114 67
56.5 53
-68.5 3
119 59.5
29 55.5
113.5 59
-59 54.5
117 32
130 61
139.5 37
111 61
124 8
-66 18
28 62.5
-70 -14
-83.5 9.5
-69.5 -16.5
-89.5 33
-1 43.5
-68.5 -15
55 65
-97 61.5
152 -32.5
101 19.5
121.5 -5
155 65.5
-124 52.5
-89 44.5
102 5.5
-129.5 61
-66 -10.5
-114 59
70 61
22 -6
-108.5 57
98.5 56.5
115 67
13.5 64
112 62.5
-103 52
162.5 67
41 40.5
32.5 64
98.5 70.5
121 -2.5
-81.5 34
4 47
-76 -3.5
-6.5 42.5
104 59
-8.5 54.5
-66 3
-62.5 3.5
-62 9.5
-94.5 54
133 -2
-84.5 40.5
-120 59
-122 47
110 63.5
-71.5 -0.5
-95 51.5
-74 -12.5
-60.5 52.5
145 -16.5
-63 -2.5
88.5 65
104.5 20.5
105.5 56
-105.5 57
100.5 47.5
-67.5 53
-105.5 38.5
108 -8
73.5 56
-70.5 -0.5
-116.5 61.5
39 53.5
13 -1.5
-74 -10.5
-102 56
-54 2
172 -42.5
-149.5 64.5
7 60.5
-86 53
-76 45
17.5 66
-68.5 -14.5
-64.5 1.5
38 61.5
80.5 65.5
-72 56
115 25.5
-106 58.5
-63.5 -3
-4.5 55
53.5 57.5
-71.5 42
-120 63.5
-137.5 61
106 -3
103.5 29
-94 57
-81 32.5
90.5 64.5
145 68
106.5 64.5
89.5 27.5
3.5 45.5
-49.5 -25.5
8.5 62.5
90 66.5
-120 38
105 17
-153 67
17 -1
-78 8
138 63
-158.5 67
-62 -14.5
-121 49.5
142.5 62.5
-122.5 54.5
123.5 12
-134.5 63
6 46.5
35.5 8
-62.5 52
-105 60
56.5 54
-125 64
97.5 16
125.5 62
-125 63.5
-62.5 0.5
-53 -11
-117.5 65.5
-104.5 23.5
24.5 -3
75 14.5
-66 6
107.5 31
-6.5 42
-64.5 5
-86 55
-75 51.5
98 50
-62.5 53
169 64.5
28.5 -6
107.5 33.5
-73.5 55
-53.5 -7
-155 63.5
128 55
-83.5 40
-78 54.5
-73.5 -40.5
149 68
132 52.5
-151 67
133 43.5
22 -1.5
-88.5 43.5
-71.5 -36
-121 61
83.5 66
108 64.5
76.5 63
5.5 44
-114 62
4.5 44.5
-60 50.5
110 30
-73.5 -7
-50 -2
-125 62
-103 62.5
-79.5 40.5
-108 59
130 44
14 61
-75.5 -4
-55 -3.5
24 62
-120.5 39.5
-123.5 59.5
-83 36
111 55.5
-68 -13
-1.5 7
116 33.5
-114.5 45.5
-71 -2
64.5 60
116 23.5
29.5 64
17.5 48.5
121 31.5
-85.5 13.5
-55 -6.5
-99.5 59.5
92.5 26.5
-63.5 -2.5
125 67.5
93 61.5
152 67
23.5 45
-66 -15.5
-63 -4.5
-101.5 53
-4 41
-61 -2
35.5 57.5
-122 61
13.5 56
-141.5 64
-55.5 2
12.5 60
-63 -11
-68.5 58
-2.5 57
25 61.5
-69 -19
82.5 64.5
-70 53
47 56.5
138.5 -3
-74 -13
25.5 42.5
105 66
-76.5 -6
-80 40.5
25.5 63
-118.5 50.5
-93.5 54.5
-71.5 49.5
29 68.5
-53.5 -8
26.5 61
25.5 -3.5
-118.5 44.5
100 6.5
-108 61
99.5 69
-57.5 4
113 61.5
-121.5 43.5
133.5 67.5
35 58
108.5 28
13 1
152.5 68.5
-90.5 33
40 59
133 65.5
-86.5 34.5
89.5 24
93.5 58
97.5 17.5
-79 0
123 69.5
34 63.5
99.5 19
-64.5 -19.5
-72 -39
149 61
-154.5 59
-72.5 -1.5
133.5 45.5
111.5 49
135.5 68
130 55
103.5 19
-72 47
74.5 56.5
90.5 58.5
108 30.5
-115 44
-67.5 50
-67 48
127.5 42.5
42 60.5
-4.5 6
-80 0.5
-116 58
-60 7
102.5 66
120.5 15.5
29.5 53.5
-89 50.5
-7.5 53
6.5 49.5
105.5 55.5
-98 20.5
13.5 41
85.5 51
107.5 57.5
-77 -12
-2 51
160.5 57.5
140.5 -3
-120 48.5
-7.5 54
150.5 -33
-122.5 56
114 31
160.5 67.5
-84 32
97 20.5
-82.5 53.5
-129.5 55.5
-67 55
-102 58
98 14.5
-84 49.5
-122 52
122 49.5
-7 5.5
114.5 27
86 53.5
14 45.5
-120.5 58.5
-71 -35.5
90.5 57
-67 -2.5
62 60.5
-71 50
-123 46.5
107 57.5
48 -20
38.5 64.5
-72 -37.5
-124 67
13.5 -3
99.5 61.5
6.5 59
-54 -10
-62.5 -6.5
162 57
103 71.5
141.5 59.5
-60 -2.5
-65.5 46
-117.5 63
-135.5 68
148.5 66
-56.5 -1.5
-88.5 53.5
-71 45.5
8.5 63
-62.5 49
-62.5 -5
109 0
24 -4.5
119.5 67
-121.5 50.5
-83 34.5
-72.5 -13.5
-87.5 51
-86.5 12.5
-129.5 60.5
-92 55
-78 36
70 64
150 -26
-71 -1.5
-72.5 -12
-78 46
-2 7
-121.5 63
-70.5 45.5
-60 -9.5
119.5 27
21.5 52.5
46.5 58.5
10.5 50.5
-133.5 62
-81.5 46
113 24
-78.5 8.5
-62 -7.5
32 62
131 54
155.5 63.5
-74.5 -9.5
116 60.5
-106.5 58.5
144 64
-40.5 -20
0.5 7
-77 3.5
118 32.5
-99 20.5
-66.5 45
-76.5 40.5
-86.5 43.5
84 62.5
96.5 55
-125 65
118.5 32.5
145.5 -7.5
-92.5 43.5
-128 68.5
126.5 61
14 42
-63 -1.5
154 61.5
134 59
-7.5 54.5
-74 5.5
-96 32.5
128.5 58
-106 40.5
59 59.5
-64.5 53
-121 59
-56 -7.5
-80 36
45.5 61
-57 52.5
101.5 21
-68.5 52.5
117.5 28
44.5 62
-139 67.5
-72 54
126.5 57
84 66.5
174.5 -37
109 48.5
47 55.5
-74.5 44.5
-108 55
108.5 13
-72.5 -44
91 66.5
-82.5 33.5
-105 36.5
101 47
136.5 47.5
-121.5 50
104 59.5
-129 54
116.5 69
18 66.5
103.5 64.5
-69 -7.5
-147 66.5
-81 33
-117 47.5
-78.5 34.5
118 36
-77 6.5
130 62.5
146.5 67.5
-116 64.5
-104 61
101.5 1.5
21 3
-69.5 -9
-89 31.5
-108.5 37.5
-63 -1
99.5 21.5
23 -2
14 2
89.5 26.5
102.5 56.5
121 14.5
136 58
113 52
91.5 61.5
122.5 63
-65.5 -5.5
128 61.5
119.5 35.5
-87 51.5
-118 51.5
-50.5 -4.5
-78 -2
-54.5 -3.5
-73 55.5
56 61.5
-70.5 56
-84.5 30.5
49.5 62
-112 57.5
36 55.5
-94 30
34.5 54.5
28 1.5
123 58.5
106 68.5
-52 -2
-73.5 44
-135.5 61.5
77 59.5
-122 60
-122.5 63
134 34
-75.5 -9
122.5 52.5
61 56.5
-94 47.5
-65 -20
102 22.5
-113.5 61
-72 -54
-98 59.5
-122.5 44
-123 64
-73.5 -0.5
-127 67
108.5 50
12.5 42.5
129.5 55.5
99.5 1.5
-78.5 48
-79.5 -2.5
-70.5 -4.5
27.5 1.5
-127 59.5
108.5 66.5
-89.5 16.5
41 57.5
94 52
-85 14.5
91.5 24.5
-64.5 4.5
-62.5 -1
56.5 52
34.5 52.5
66.5 63.5
-96.5 52.5
-82 33.5
134 49
157 -8.5
116.5 26
-98 29.5
-104.5 61
16.5 62.5
-99 52
-108 58.5
-98 55.5
15.5 -8
123.5 54
-121.5 62
112 64.5
-156 66
158 65
102 21.5
-50 -6.5
91.5 24
9 4.5
25 1
-74.5 57
-108 26
-92.5 15
149.5 -37.5
93.5 62
107.5 22.5
-69 -7
-149 63.5
46 54.5
48 64.5
111 28
-111 44
126.5 58.5
122.5 55.5
110 -2
127 37
-54.5 0.5
-70 45.5
99 22
105.5 31.5
17.5 51
116 34
92.5 61
-133.5 60
-81.5 28
122 69.5
-114.5 56
140.5 52.5
12.5 63
-57.5 -5.5
6.5 43.5
27.5 4
32.5 64.5
-69 54
-112.5 64
-87 13
-61.5 50.5
-119 59
-92 54
126 38.5
152 -29.5
-84 44
-5.5 6
139.5 -7.5
-74 47.5
-40 -18.5
22.5 0
48.5 33
135.5 68.5
119.5 60.5
85 62.5
14.5 64.5
120.5 14.5
92.5 56
131.5 67
114 37.5
114.5 61
-82.5 29.5
-72.5 53
-62.5 9
149 62.5
-50 -4.5
95 62.5
-96.5 49
-60.5 -5
68.5 61.5
125.5 40.5
-136.5 62.5
-125.5 55.5
101.5 31
85 51
106 51.5
139 35
68.5 56.5
-75 -50
-56.5 -10
-135.5 65
-89.5 33.5
-62 -15
-124 46.5
-75.5 40
130 61.5
-72 50.5
-84.5 13
-117 54
-120 56
-46 -2.5
26.5 65.5
-83.5 36
141.5 -6
145 -5.5
-75.5 -5.5
137.5 -4
-72.5 46.5
117 53
-114.5 64.5
117.5 35.5
114.5 36.5
-132 63
-102.5 62
93 26.5
-112.5 45.5
33.5 62
161 67
-78 -4
-122.5 64
-153 63.5
-97.5 58.5
-61 -7
61.5 57.5
162 67
32 61.5
19 0.5
66 66.5
73 56.5
118.5 43.5
-114 63
37 12.5
102.5 13
105 27.5
112 2.5
143 63.5
108 29.5
50 58
160.5 66.5
-62.5 56.5
-130 56.5
82 57
-73 0.5
-70 46.5
-78 -1.5
-76 47
48.5 60
111.5 65
-126 63.5
-70.5 8.5
166 63.5
-130 62
99.5 65.5
-75.5 55
-92 32.5
-67 5
104 33.5
16.5 60
47.5 62
-106.5 45.5
67.5 62.5
-89 35
25.5 62.5
-75 -51.5
115.5 30.5
75 12.5
-101 57
-106 56.5
18.5 1.5
-91.5 53.5
-132 61.5
-57 -6.5
109.5 65.5
109 60
21 -4
110 -1
-55 48.5
-75 54.5
62 62.5
-75.5 55.5
-113.5 57.5
84 28
114.5 -3
142.5 53
-64.5 52
150.5 -35
23.5 4
-129.5 56
-6.5 7
-92 43
85.5 64
-83 35.5
-85.5 44
-57 -2
24 44
31.5 64
98.5 59.5
24 48
-82 40
44.5 62.5
19 64
-65 3
-108 60.5
-80.5 34
-59 -8
-117 55
107.5 -3
48.5 -18.5
-134.5 67.5
-52 4
-111.5 60
127.5 35.5
113.5 62
128 35
27.5 -5.5
-85 50.5
94.5 19
-82.5 47.5
-106 61
112.5 56
92 26.5
-102.5 54.5
-125.5 56.5
12 48
144 -5.5
53.5 56
-124 63
143 43.5
27.5 -33
114.5 69
39 61
36.5 50.5
91 65
125.5 51
-129 56
20 -6.5
-112 64
-116 61.5
-54.5 -0.5
-151 60.5
-55 -10.5
-150 61.5
-75.5 2
-58 -29
-96.5 49.5
74 59.5
-72.5 42.5
134.5 48
121 62
-56.5 -6.5
97.5 62.5
19 5
-104.5 61.5
-143.5 65
-152 63.5
133 49.5
-105.5 53
-85 48.5
109.5 29.5
-81.5 50.5
35.5 67
128.5 50.5
-83 43
-120.5 56.5
-105.5 54.5
-98.5 59.5
169 -46.5
106.5 26.5
-97.5 61.5
161 64.5
-118 59.5
-104 60.5
-120 55.5
122 63.5
112 30
-69 45
-72.5 -12.5
-40 -18
129 58.5
24.5 61
145.5 -42.5
-123.5 40
-130.5 67.5
-91 56
-76 -10
123.5 48.5
-73.5 -37.5
-92 45
-86 49
-149 67
-74.5 -6.5
117.5 66.5
-53.5 -10
-65 -11.5
55.5 65.5
-73 47.5
115 69.5
-150.5 61.5
-78.5 44.5
-78 46.5
122 61
-123 53.5
-153 63
100.5 26.5
-97.5 55.5
-74 -13.5
27 2.5
170 -44
-78 50.5
25 2.5
139 -6.5
45.5 57.5
-83.5 50.5
-125 55.5
46 65.5
-89.5 50
126 58
-78 34
135 43.5
94 22
111.5 52.5
-79.5 38.5
95 64.5
-11.5 7.5
165 63.5
-60 -5
-91 53.5
-117.5 48
159.5 67
31.5 53
-109 57
-52.5 -3
22 3
105 24
-86.5 48.5
148.5 -38
134 60
3 47
-4 57
95 27.5
-73 -38
-79.5 42
38.5 44
112.5 63.5
-57.5 -7.5
-91.5 32
126.5 37
-91.5 32.5
28.5 52.5
-61 -33
-133.5 60.5
-97.5 56
-83 38
-106.5 25
-94.5 33
-100 54.5
-115.5 49
6.5 50.5
11 46.5
99.5 50
-69.5 50.5
107 67.5
57 56.5
-76 -0.5
35.5 54.5
-146 63.5
6.5 46.5
-140.5 62
-81.5 29.5
88.5 22
23 -3
102 58.5
-83.5 14
144 63.5
48.5 57.5
-86.5 41
-63.5 -5.5
115.5 59.5
20.5 1.5
137 49
87.5 54.5
80.5 63
103.5 52.5
-79 45.5
-111 62
118.5 51.5
-149 65.5
21 53
-121 52
-107.5 40
79.5 65.5
-89.5 32
105.5 62
105.5 55
-102 52
-89 51
102 -1.5
7 51.5
140.5 -6
-65.5 -4.5
-132 62.5
47 -22
-74 41.5
101 51
150 69
105 59.5
-94 16.5
109 59
140.5 39
90.5 66
-122 58
-140 63.5
145.5 67
98.5 56
8.5 55.5
-71 2
129 36.5
-98.5 19
-117.5 58
68.5 64.5
69 65.5
-70.5 52.5
59.5 57
-52.5 -27.5
91 25.5
12 49.5
100 0.5
90 55
-121 40
-73.5 45.5
103.5 24.5
64.5 55.5
132.5 52
25 -7
114 0.5
-67 46.5
116 69.5
-143 63
140 -5.5
-76 39.5
56 65.5
89 58
-94 48
76.5 31
79.5 62.5
-131 62.5
-65 53
-47.5 -4.5
175.5 -41
-127.5 59.5
23 66
50 -15.5
100.5 52.5
-82 39
46 57.5
10 48.5
-103.5 58.5
-59.5 5.5
51.5 58.5
-78.5 54.5
-71.5 52
-123 57
30.5 68
11 49.5
26 53
106.5 59
43.5 53.5
109 -7.5
-71.5 -1.5
-144 67.5
-62.5 -4.5
127.5 64
-92.5 49.5
-124 43.5
111 26.5
-73.5 -38.5
120.5 63
-59.5 -2
-107.5 55
22 -4
31.5 68
-101.5 56
-85.5 53.5
-122.5 62
-83 54.5
112.5 26.5
116 30
137 70.5
-53.5 -2.5
118 58.5
-82 37.5
-121.5 54
19.5 -0.5
-85.5 34
71 62
-96.5 57
66 64.5
-51 -5.5
12.5 5
-89 33.5
-104 62
19 52
85 61
120.5 37
-7 53.5
33 59
-74 48.5
-124 60
77 32.5
87 21.5
15 59.5
110.5 49
-119 56.5
130.5 61
-121 57
-68.5 -2
162 60
-67 53.5
-135.5 62
-118.5 49.5
82 28
125 54
53.5 59.5
147 -6.5
121.5 64.5
-118.5 52
-82.5 48
-105.5 58.5
-134 59.5
152 -28.5
-97 46.5
-60 1
-133.5 68.5
-77 38
127.5 52.5
-123 43.5
-89.5 34
-71.5 -5
118 24.5
-103.5 56.5
116 -9
6.5 45
76.5 61.5
16 56.5
117 37
39.5 40.5
-121.5 59
-96 34
-109 56
164.5 67
-65 -23.5
-130 67.5
-63.5 -9.5
142 -6.5
140 64
98 53.5
151.5 -32.5
-63 -0.5
-157 61
109.5 -7.5
35 6.5
-76 -9.5
130 48.5
-79.5 40
89 22.5
-111 34
99 71
126 68.5
32.5 3
-115 59
-104.5 57.5
-67 5.5
-66 48
173.5 64
26 55.5
107 16
120.5 51.5
-93 54.5
-151 60
-67.5 -4.5
-121.5 40
115.5 36.5
31.5 55
-101 54.5
142 52
-147.5 66.5
-97.5 54.5
-114 45.5
-122 62
-114 58.5
21.5 0
106 -7
-86.5 40.5
-70 49
-101 53.5
125 38.5
25.5 64.5
-84 51
96 56
51.5 63.5
21 68
-82.5 52
-115 48.5
108.5 67
-64.5 -10
23 52.5
-133 55
-60.5 54.5
14 52.5
-120 54.5
120.5 67.5
106.5 27.5
-73 56
-133 55.5
-98.5 58
18 -0.5
53.5 56.5
-104.5 56
88.5 25
140 67
121.5 61.5
-90.5 29.5
45.5 57
-62 -4
121.5 -1.5
121.5 66.5
-93 34
54.5 63.5
-76.5 -6.5
22.5 48.5
103 -0.5
101.5 29
-69 53
30 59
-77.5 49.5
117 70
-125 50
25.5 56.5
-92.5 53
40 40.5
152 -27.5
41.5 61
112 57
29.5 -1.5
122 68
-77.5 -7
9.5 63.5
-65.5 -3.5
-96 54
107.5 69
174 -36.5
75.5 11.5
116 39.5
-118 63.5
123 61
-113.5 45
-80.5 48
-104.5 22.5
-77.5 -9.5
106 26.5
-58.5 -5.5
27 63
121 -4
-108.5 62.5
28 61.5
146.5 -8
-8 53.5
83 53.5
17.5 63.5
-56 -6
-126.5 60
-71.5 8.5
129 61.5
125 69
-61.5 46
88.5 70
-80 47
136 68
-58 -12
-121 56
-67.5 -3
-98.5 56
-75 44
44 36
-72 -5
13 3.5
35 7
23.5 50.5
-70.5 58.5
-139 62
-75 48
147 -43
27 3
-80.5 40
-86 51
38.5 59
-61 53
6.5 4.5
25 58.5
15 40
-124 54
93.5 28
-51 -2.5
1.5 49
112.5 58
-57 4.5
-94 16
-68 -7.5
144 -6
-118.5 59
-130 60.5
13.5 -2
-74.5 43
-66 58
143.5 63
16.5 0
104 62
89 66
-74.5 47
-69.5 48.5
48 61
93.5 56.5
-52.5 -1
65.5 60
22 -3.5
63.5 64.5
30 67.5
-84.5 54
-55 0.5
107 27.5
-117.5 53.5
154.5 67
115 37.5
30.5 -30.5
-116.5 49
-74.5 -6
30 -30
-72 -13
121 54
41.5 60
122 54.5
50.5 56.5
13 46.5
18 59
-91.5 16.5
114.5 38.5
95.5 26.5
58 63.5
51.5 66.5
-7 37
21.5 -1
-5 51.5
28 56.5
116.5 39.5
31 58.5
31.5 68.5
121 56.5
10 5
109 65.5
-69.5 -3
-149.5 64
145.5 -38.5
-67 57.5
-53.5 1
87 58
90.5 60
-75.5 44
-68 -11.5
47 38.5
20 69.5
124.5 60
116.5 71
114.5 32.5
92.5 52.5
15.5 65
74 61
113 -3
1 52.5
89.5 25
122.5 57
10 44
-123.5 46
86.5 65.5
35 55
139 -3.5
-74.5 -12.5
-137.5 67
69 64
-104 58.5
-159.5 61.5
-85.5 41
-108 62
-80.5 48.5
-73.5 -53
-64 -10
-55.5 -1.5
13.5 60.5
-86 40.5
-90 36
-114.5 54.5
-100.5 57.5
54.5 58.5
-54 -10.5
-139.5 63
-77.5 -8
-121.5 58
-62.5 -8.5
103 68
-70.5 43.5
113.5 68
-73 -6.5
-71 1
-94 58
5.5 47
44 41.5
66.5 64
101 5
-95.5 56
-52.5 -9
90.5 64
101 0
91 24.5
-125 54.5
-61 -10
-66.5 -18.5
-69 -5
-73 -47.5
32.5 65.5
-54.5 48
-115.5 66.5
-72.5 -47.5
42 56.5
37 54.5
130 60
23.5 41.5
102 50
-90 32.5
-73 -11.5
116.5 58
-2.5 6
-79 54
-98.5 59
26.5 0
-46.5 -4
106 31.5
151 64
-139 63
13.5 0.5
137 36
54.5 57.5
-82.5 49
121 51.5
17.5 63
31.5 66.5
153.5 68
143 69
-74 42
129.5 33
43 65
101 57
55 61
167 -45.5
-115 50.5
131.5 52
16 60
-95.5 46.5
-120 67
97.5 63
26 58.5
-108.5 26.5
129.5 54.5
134 48.5
-83.5 52
98 58
127.5 37
125 41.5
95 60.5
-148 64
-92.5 33.5
126.5 69.5
138 49
-78.5 36.5
-63.5 -7
-120.5 49
-74 -45
121.5 37
-102 53
-55.5 4
129 43
51 59
-64.5 -5
-86.5 43
-118.5 48
4 6.5
-66 -6
-76 0.5
-86.5 40
-73.5 -7.5
143 -8
-119 44.5
-58.5 2
122.5 -1
22.5 -7.5
110.5 33
-108.5 56.5
24.5 4
142.5 48.5
-119.5 52
-54 -1.5
-122 57
119.5 63
129.5 62.5
135.5 65
158.5 66.5
131 44
-125.5 49
118 64
-116.5 65.5
110.5 35.5
121 57.5
125.5 63
88.5 57
139.5 38.5
-151 66.5
121.5 68
-88.5 56
-105 55.5
109.5 59.5
21 42
-54.5 -12
-91.5 53
36.5 37
-106 57.5
-46 -2
48 64
99 1
125 58
34 53.5
-118 60
103 67
-74 -42
120 -5.5
50.5 66
-85 49
99.5 0
91.5 51.5
-3.5 52
-111.5 54
-69 -9.5
-54.5 4
-74.5 -1.5
28.5 64
131.5 51.5
108.5 59
105.5 14
-92.5 46
-112.5 64.5
-2 53.5
-58 -6.5
-75.5 -12.5
-156 62
-123 60
-87.5 52
-164 64.5
5.5 45.5
16 45.5
113 62
-71 -10.5
-103.5 21
111.5 68.5
69 64.5
-87.5 31
111 53.5
13 -2.5
46 64.5
-121.5 46.5
-135 66.5
-86 54
107.5 58.5
-76.5 -0.5
-132 56
-75.5 53
55.5 58
89.5 69
-63 53
-125.5 63.5
-88 51.5
-148.5 65.5
28 48
-75.5 -7
-69 55
-120 57.5
-153 58
-81 40
105.5 -6.5
132.5 69.5
-62 -2.5
-94.5 34.5
-70 44
100 7.5
136.5 53.5
130 58
-68.5 -15.5
141.5 39.5
127 34.5
112 65.5
118 41
-61 6
75.5 14.5
67.5 65.5
-63 -13
-76.5 42.5
-99 54.5
148 -41.5
-53 -2
-103.5 57.5
23 -4.5
25.5 56
105 63.5
54 64.5
-108.5 46
-83.5 34
-122 46.5
-118.5 51
-92.5 31
117 40
-74.5 -11.5
3 49.5
97.5 55.5
172.5 -42.5
-81 28
6.5 61.5
146.5 -38
29 56.5
88.5 62.5
155 68
95 63.5
46.5 55
-135.5 63
-75.5 48
-108 60
56.5 54.5
-119 52.5
130.5 65
-70.5 -14.5
13.5 -6
117 61
-11.5 7
11 52.5
135 45.5
-48.5 -5
-94 31.5
-67.5 50.5
-53.5 46.5
70 58.5
-88.5 32.5
-62 0
137.5 54.5
-84.5 46.5
130.5 33
35.5 67.5
-85 13.5
-82 51
103 31
-127.5 57.5
-65 -5.5
56 59.5
-132.5 58.5
-116 46.5
-67.5 -5.5
87.5 57.5
-89 32
-57 -28.5
-80 44
111.5 28.5
-118 57.5
-138 62.5
28.5 54
-116 53
-89.5 56
-117.5 55
108 50.5
90 22.5
-89.5 36
152 -29
-68.5 56
99 26
50.5 59.5
-64 5.5
-59 4.5
110 0.5
-60 -9
-116.5 52.5
-73 -4
-60 -4.5
-53 -6.5
-62 -8
-151.5 64.5
-134.5 60
-68.5 -1
-113.5 54.5
-74.5 -13
122.5 -5.5
128 59.5
146 -38
-53.5 0.5
25 4.5
11 -2
36 49.5
95 58
101 28.5
-71.5 -7.5
77 57.5
28.5 65
-125.5 55
127.5 63.5
123.5 65.5
-158.5 63.5
76 60
-133.5 61
84 65.5
33 64.5
128 42.5
-66 -4.5
-122.5 64.5
-71 -13.5
-111.5 57.5
-64 1.5
135 57.5
-60 6
-71.5 -7
105 61.5
-68 46
24.5 52.5
0 47.5
-73.5 -48.5
-58.5 -4
29.5 52.5
-72.5 -43.5
-64.5 4
113.5 69.5
49 56
87.5 55.5
-80 43.5
-119.5 65
136.5 47
108.5 27
0 8
-73.5 53
-72 46.5
137.5 66.5
137 47.5
139 57.5
105 22.5
-91 34.5
135.5 46.5
161 66.5
-91.5 45.5
-90.5 51
-85.5 50.5
33.5 40
122 59
-63.5 51.5
-66 -27.5
106.5 67.5
-71.5 -8
119 30
26 59
-85 40
-121 55
-78 54
125.5 69.5
171.5 63.5
-90 16
-72.5 54
25.5 4.5
-10 7
-78 -6
-85 44.5
152 -32
-75 41.5
131 57.5
-92.5 53.5
-161 63
-105 53.5
-52.5 1.5
-65 -17.5
27.5 55
-85 43.5
113.5 2.5
-46.5 -5
173.5 -41.5
101 47.5
27.5 -4
42.5 64.5
-66.5 -10.5
-80 0
-113 54.5
135.5 33.5
-57 -1.5
-95.5 34
-124 40.5
19 -5
28.5 64.5
90.5 62.5
19.5 -4
47 59
-97 30.5
73 58
-85.5 39
-66 4.5
-71 47
31 63.5
-118 48.5
23 63.5
124 41.5
-2.5 53
109 62.5
-60.5 0.5
157 54
-122.5 53.5
25.5 62
-105.5 56
169 -44.5
68.5 59
100.5 48
-76.5 1.5
54.5 36
137 35.5
-96 60
-76.5 36.5
24.5 54.5
-79 1
-73.5 43.5
-125 60
-76 46
17.5 52
-75 53
-88 46.5
-65 -10
-59.5 5
50 61
-58 -5.5
-134 60
105.5 33
118.5 5
116.5 64
113.5 -0.5
-70.5 -8.5
75 57.5
134 53
5.5 7
32 61
57 57.5
-81.5 38
16 58.5
-131.5 61
8.5 49
-74.5 -12
-66 53.5
-109.5 54.5
174.5 63
-158.5 63
-71 -6
148.5 -32
91.5 57.5
-121.5 47.5
-128.5 65
-90.5 17
-48.5 -4
10 -2
-90.5 33.5
18 69
160 67.5
-63.5 -4
-71.5 43
38 14.5
-115 45
-78 42
177.5 -38
16 -6
53 55
68 65
152 64.5
147 -22
-103.5 60
93 28.5
-78 -1
-68.5 -4.5
101.5 56.5
-85 12.5
141 39
104 -2
-93.5 30
-134.5 57
-150.5 60.5
-70 56
93 59.5
-59 -3
-135.5 63.5
98 17.5
-58.5 -5
15 56
23.5 66
102.5 30.5
-123.5 61.5
-73.5 2
-67 -18
10.5 0
149 67.5
11.5 43.5
-76.5 -8.5
-75 -3.5
-118.5 58.5
131 42.5
157 52
-121 62
63.5 57
-133 65.5
19 -4
-115.5 62.5
33 67
-130.5 61
68 62.5
134 49.5
116.5 39
-77 -4
12 -1.5
137 -2.5
-79 42
-91.5 31.5
41.5 40
114 62.5
134 -4
-72 -9.5
-65.5 57
-64 6
50 55.5
-131.5 55.5
91 52
-125.5 49.5
-94 52.5
-116 51.5
-120 61.5
-123.5 47
136 65
-59 5
-141.5 65.5
-92 52.5
-111.5 39.5
-85.5 30.5
-101 52
8.5 50.5
-134.5 63.5
-68 50
-129 54.5
52 55.5
-61.5 -4
20.5 54
49.5 54
102 66.5
100 56.5
-111.5 56.5
123.5 60
140 42.5
-73.5 41
40 40
-77 48.5
-106.5 40
101.5 3
38.5 55
-93 48
29 51
131.5 69
130.5 56
-12 8
-81 33.5
-154.5 64.5
-83.5 47.5
82.5 65
-93.5 15.5
-124 60.5
84.5 57.5
117 52.5
-85 31
-104 52.5
110.5 66.5
18 0
133.5 51.5
-142.5 61
-59.5 -9
-91.5 54
117 35.5
13 56.5
154 67
22 45.5
-90.5 29
124 9.5
136 44.5
62.5 61.5
162 67.5
124.5 69
114.5 34.5
-69 -10.5
16 57.5
-76.5 47
-156 64
13.5 -4.5
85.5 66.5
-123.5 53.5
112 52
18.5 -4
-70 58
-82 41
111.5 37.5
94 61.5
1 46.5
-127 50
-72 43
-100.5 60
117 51.5
21 50.5
10 63.5
-75 -7
-8 42.5
-81 43
87.5 52
86.5 55
-115.5 52.5
46.5 59
-61 -9
20.5 64
138 -2.5
-78.5 2
-59 -5.5
7 51
-66.5 -6
158 54
101.5 56
16 62
143 61.5
-9 52.5
-117 66
102.5 3.5
27 52.5
124 40.5
135 54.5
-68 -12.5
-94.5 51
-71.5 49
-93 56.5
-76.5 -4.5
8 6
-115 45.5
159 68
76.5 56.5
-72.5 48
-117 45
10 56.5
100.5 54
-110 55.5
-92 17.5
5 51.5
13.5 62
110 -1.5
-50.5 1.5
119 42
130 52.5
-95 36
-88 51
-90.5 51.5
-95 55
-67.5 -10.5
-64.5 54.5
133 52
-69 -0.5
-63 2.5
18.5 64.5
113 26
-72 -14
92.5 53
-158.5 64.5
-84.5 44
-62.5 -0.5
-68.5 -13
21 0.5
18.5 48.5
103.5 51
121 46
55.5 55
121 23.5
-78 -5.5
-54.5 -9
120 27.5
134.5 55.5
118.5 69
75 12
10.5 61
19.5 47.5
46 59
111.5 66
-123 51.5
144 -4.5
-72.5 -7.5
150 -24
67.5 64
85 28
-80 48
102 57
-77 -1
131 31.5
124.5 51.5
50.5 54.5
117 64.5
-91.5 34.5
113.5 61.5
-75.5 -9.5
53 59.5
37.5 37.5
102.5 4
13.5 -1
96.5 52
86.5 50
100 68
32 65
72.5 65
-66 -1
127 39
18 63.5
113 55
98 64.5
-85.5 37
-117.5 51
23.5 52
37.5 54.5
-137 60
-76.5 45.5
104 56
106 25.5
-108.5 53
121 61
101.5 3.5
-145.5 66.5
22.5 60
133 34.5
101 15.5
-70.5 44
-126 67
50 36
-80.5 37.5
-128.5 60
-84.5 38
45.5 58.5
-71.5 44.5
-78.5 9
25.5 0
138 47.5
8.5 47
-96.5 60
120 32
130 65.5
-111 59.5
-85 34.5
130.5 49
129.5 42.5
133 56
-74.5 -50.5
-109 62
-55 4
-68 -3
-118.5 55
103 61
-88.5 53
120.5 0.5
-103 56
-85.5 52
133.5 -3.5
-89 19
93.5 59.5
-125.5 60
-102 59.5
-119 60
142.5 51.5
-122.5 61
13 57
-68.5 51
117.5 31
142.5 -7
63 55.5
48 -19.5
132.5 47
110 37
136.5 65
-120 38.5
124.5 39.5
105.5 65
-84.5 14.5
93 63.5
114 57
136.5 64.5
25.5 64
-122.5 56.5
-124 63.5
-64 -7
-88.5 30.5
107.5 66.5
13.5 63.5
128.5 59
-52 -1
-86.5 55
122 -1.5
140 39.5
7 4.5
-77 44.5
0 46.5
22.5 53.5
134.5 61
102.5 32
-156.5 65.5
-75.5 -12
-64 -9.5
-116 65.5
150 67.5
27 67
60.5 63.5
147.5 -28
138.5 70
-140.5 61.5
-69 -8
-54.5 49
104 21.5
87 68
133 67
-101 19
-86 36.5
28.5 39.5
-80 34.5
150 -35.5
15 4.5
-130.5 57
128 49
-89 34.5
103.5 -4.5
94 53
148.5 69
100 65.5
117.5 39
-91 48.5
96 26.5
-53.5 -7.5
112 59.5
27 49
57.5 64.5
35 68.5
116.5 55
48.5 57
-127 64.5
80 8.5
118.5 56.5
-128 67.5
-62.5 56
96 61
101.5 67.5
-68 -8.5
-122 54.5
34.5 55
105.5 27
98.5 19.5
115 60
25.5 47.5
-97.5 56.5
-69 -8.5
-91 51.5
118.5 62.5
118.5 41.5
29 56
-64 2
120.5 67
116 65.5
-64 -3
-74.5 -3.5
150.5 66
31 -29
-74.5 -48
142 66
-158 65.5
43.5 63.5
145.5 -37.5
-67.5 1.5
-77.5 44
-48 -4
-78 34.5
89.5 62.5
81.5 60.5
30.5 54.5
-74 56
86 61.5
-53 -9
-73 1.5
-116 59
107 59.5
71.5 59
102.5 60
14 64.5
83 56.5
-58 -11
151.5 63
-102.5 18
-60 -7.5
-153 65
-72.5 -8
-84 38.5
56.5 55
-72 8
123 55.5
-62 -5
-61 52
118.5 39
105.5 -5
-64.5 -1.5
-157 63
-76 7
141.5 -7
18 45.5
146.5 -6.5
96.5 26
-154 62.5
55.5 62
97 50.5
-69.5 54.5
-121 59.5
58 53.5
-96 55.5
21.5 42
-56 51
65.5 65.5
-91 36
-84 47.5
78 31
-72 -13.5
-54.5 1
13.5 60
-54.5 -2
-7 7
-113 56.5
96 52
-69.5 54
60.5 63
-118 55.5
140.5 41.5
-153 65.5
167 65
-103 59.5
94 56
163.5 68
-79 -6.5
152.5 -26.5
50 57
-110 57
147 -36
116 41
71 56
114 31.5
123.5 41
107.5 28.5
151.5 61.5
-84 34
121 51
-102.5 52.5
-91.5 56
-65.5 -20
137 -3.5
132 67
-77.5 4.5
9 52.5
-65 -8
83 55
148.5 65.5
31 65.5
120.5 40.5
-75.5 4
135 68.5
106.5 69
13.5 -0.5
117.5 62.5
91 59
-74 -48
-123 59
11.5 50
104 51
28.5 38
-76 40
143.5 59.5
-162 61.5
-157 65
-108 57.5
-117 54.5
106.5 58
81.5 55.5
-82 37
46 63
112 24.5
108 52
98.5 58.5
136.5 59
-79.5 41
27.5 3.5
41 64.5
106.5 69.5
162.5 60
-92.5 15.5
-117.5 47.5
128 56
-82.5 32.5
149 64
-64 -4.5
118.5 61
-117.5 56
-67 -11
25.5 66
118 37
-91.5 46.5
112 55
133 45.5
26.5 63.5
149 -38
-159.5 67
147.5 -9.5
-65 -6.5
-69.5 2.5
-110 53.5
-89.5 35
127 43
122.5 -4.5
-3.5 51.5
110.5 52.5
-85 32
90 57.5
-66 0.5
55.5 61
58 64
-105.5 23
16 45
126.5 33
6 43.5
-55.5 -12
-87 32
-116.5 56.5
-117 50
131 56.5
-110 56.5
18.5 51
115 70
-69.5 52
-107 24
1 46
-66.5 -9.5
-93 37.5
-103.5 53
100 48
112.5 62.5
-124.5 49.5
-74.5 1.5
-124.5 68
-97.5 51
59 61
-68 -6.5
-74 -3
-89.5 53.5
-79.5 50
97 60
111.5 34
-103 19.5
-99 55
-89.5 45.5
140 -3.5
50 56.5
-146 66
-115.5 57.5
148.5 -26
-129 65.5
22 -3
-101.5 59
14 66
77 61.5
119.5 30
25.5 44
19.5 54
-81 38
103 22
-72.5 9
-69.5 50
135.5 66.5
151.5 66
-62.5 -2.5
-86 32.5
-54.5 -6.5
-140 62
97.5 59
103 -4.5
98 54
136 50.5
26 -0.5
-65.5 -25.5
-115.5 64
96.5 53
140.5 53
136.5 63
7 59.5
5 51
153.5 67.5
-69 56.5
30 55.5
105 -4
127.5 48.5
87 66
-71 49
-90.5 36
-137 62
-102 54.5
-102 51.5
-94 33
115.5 52
-65 3.5
-81.5 50
100.5 63.5
-66 57.5
76 63
138.5 -3.5
-72.5 -1
9.5 50
20 65
-68.5 -11.5
18 66
115 62.5
-110 54.5
-89.5 49.5
75.5 55.5
109.5 65
160.5 54.5
-68 1.5
88.5 60.5
-60 -8
-71 -7.5
111 24
-85.5 54.5
103.5 1.5
-95.5 47.5
128.5 36
35 68
78 30.5
37 37.5
-82 8
15.5 2.5
-141 65
56 53
-102.5 60.5
-80 41
95 63
-109.5 63
-65 -22.5
28.5 59.5
-118 65.5
98.5 12
-72 56.5
122.5 70
59 62.5
-71.5 -2.5
20 0
24 54
-115.5 58.5
10.5 1.5
0.5 45.5
1 47.5
67 57.5
101 56.5
-68.5 53.5
-55 -5
-69.5 -18.5
-128.5 65.5
130.5 60.5
50.5 57.5
116.5 28
136.5 67.5
-100.5 51.5
-97 58
101.5 20.5
111.5 31
-115.5 57
47.5 56
99.5 23.5
-67 -9.5
-60 51
-72 44
-85 11
-63.5 -6.5
48.5 -20
23 62
-95.5 32.5
91 57.5
12 43.5
13.5 53
131 49.5
-114 65
-132 68
12 51
-81.5 40.5
160.5 67
-123.5 62
-90 16.5
-76.5 -9
-9.5 52.5
95 54.5
-100 58.5
155 65
-67.5 -15.5
-70 18.5
82.5 56
-74.5 50
96.5 60.5
-96.5 53.5
56.5 60
18.5 50
120 -2
117.5 24
16 67.5
-88.5 52
18 2.5
102.5 56
-150 65
148.5 67.5
-54.5 -12.5
142 -3.5
18.5 1
121 53
-73 49.5
-2 50.5
104 24.5
-58.5 -2
26.5 1.5
-122 55
66 61.5
113.5 36.5
17 66
152.5 -27
-77.5 48.5
-108 62.5
110 26.5
-143 62.5
-69.5 -54.5
36 60
78.5 58
6.5 62
-77 46.5
-75 -10.5
122 55
-102.5 55.5
103 65.5
-109 62.5
141.5 43.5
115.5 26.5
99.5 8
-98 58
-121.5 54.5
-75 -12
29.5 47.5
165.5 62
46.5 64.5
-89 33
-108 29
107.5 26
-69 49.5
-90 51
-61.5 52.5
90 54
105 -5.5
-105 58
40.5 63
20.5 52.5
98.5 22
-60.5 -6
-140.5 62.5
-114.5 57
105.5 54.5
-66 46.5
-61 -0.5
136.5 46
-56 -4.5
-76 42.5
-77.5 6
-84 33.5
115 54
-99.5 58
121 52.5
59.5 57.5
112.5 51.5
-66 -7
-89 14
125 63
89 60
32.5 61
84.5 60
-52.5 -6
130.5 47
-76 -7
56 56
151 -24.5
60.5 61
-75 -9
102.5 19
25.5 51
-140 64
31 65
160.5 65
52.5 56.5
77 60
-155.5 63.5
-60 -3
63 63.5
-58 -2
166 66
140.5 66.5
31.5 64.5
-160.5 65
25.5 45
11 0
-90 44.5
125 58.5
50 66.5
-75 44.5
-68 -15
109 26.5
-68 -9
59 60
-122.5 49
-128 57.5
-73 48
85 27.5
49.5 55
-75 55.5
-75 -13.5
99 15.5
114 34
47 -24
119.5 -2.5
99 19
114.5 0.5
-136.5 60
-59 47.5
-85 36
-100 57.5
138.5 49
140.5 40
108 12.5
-58 53
96.5 60
-54 -8
97.5 61
-92 33.5
-71.5 2
-95.5 58.5
-59 -6
123.5 68.5
115.5 39.5
40 56
26.5 58.5
36.5 62
-151 64.5
121 18
105 57
-77 -7.5
-68 52
29.5 36.5
-68.5 46
150 60
-102 62.5
110 40.5
-73 -41
-117.5 61.5
31.5 52
-76.5 51.5
-105 57.5
141.5 -3.5
134 68.5
150.5 63
21 53.5
-71 -36
104 62.5
12.5 -6.5
-56 -0.5
-123 53
115.5 -1
-70 1.5
103.5 56.5
97 23
53 59
-65 56
-137.5 61.5
-117 34
-131.5 61.5
-152 64.5
-114.5 65.5
79 30
47 63.5
-115.5 49.5
103 -3
102.5 22
-98 54
-3 55
-80.5 33
-79.5 41.5
-7.5 40
-94 33.5
-74 53
-77.5 54
-73.5 -1
-65.5 -7.5
-75 -11
36.5 54
-158.5 62.5
-69 -2.5
111.5 30
23 -5.5
107 65
-113.5 63
-66 -7.5
-85 53.5
-71 47.5
32.5 63.5
128 62.5
-73 -1
31.5 52.5
1 48
-86.5 38
93.5 53.5
-87 30.5
78.5 42.5
-70.5 -9.5
-112 55
-9 53.5
131.5 62.5
-155 65
-156 65.5
13.5 5
39.5 56
139 49.5
-83 50
-123 39.5
145.5 -8
51.5 62
28.5 55
20 -2
128 53
13 48.5
101.5 53
160 64.5
136 54
64 64.5
33 51.5
-86.5 52.5
113 67
140 -7.5
107.5 65
-119 53
-77.5 -2
104 52
-51.5 -4.5
-72.5 -2.5
-74.5 53.5
132 57
147 -42.5
11.5 1
135.5 69
78 42.5
-83 43.5
-126 66
119 64.5
-76.5 54.5
-57 5
12 60
147 -8.5
31 37
58.5 57.5
16.5 47.5
-140 67.5
139 -2.5
138 60
-68 4.5
-97.5 29.5
-116 52.5
-114.5 60
124.5 56.5
113.5 1
-53.5 -3
123 65
-69.5 56.5
142 47
88.5 22.5
20.5 2
-124.5 61.5
-156.5 59
25.5 42
-109.5 56.5
106.5 65
99 27
-73 9.5
-66.5 48.5
-84 14.5
-95.5 59.5
-149.5 66.5
-69 2.5
-92 51.5
150 -23
108.5 26
114.5 64
10.5 2
22.5 -2
-143.5 65.5
-6.5 41.5
112 -3
-52.5 -13
30.5 50
16.5 63.5
-136 60.5
-133.5 56
105.5 58
10.5 60
-84 35.5
86.5 51.5
-71 -3
-73.5 -3
135.5 64.5
-119.5 44.5
-7.5 55
-108 28
96 56.5
-72 -2.5
28.5 60.5
-136 62.5
29 0.5
-156 63
-165.5 64.5
-79 53.5
-93.5 56.5
-122 44
149.5 66.5
64.5 65
70.5 57.5
-76 49
8.5 6
-123 62.5
30 40.5
110.5 19.5
-84 51.5
159.5 64.5
110.5 37
145.5 -7
-127 54.5
-71 -11
-94 50.5
-78.5 35.5
93.5 60
100.5 62.5
79.5 60.5
134.5 50.5
-47.5 -1
4.5 50.5
101 22.5
-87.5 46
28 50.5
-61.5 -8.5
-117.5 50
-88 50.5
99 2.5
113.5 28
-111.5 42.5
127.5 60
-94.5 31
39.5 61
107 11
-72 44.5
173 -42
-82.5 35
-118.5 62
104 28
133.5 52
-79 -5
-80.5 36
-132 60.5
88 25.5
15.5 41
-108.5 63
41 64
114 66.5
-89 15.5
64 63
-72 -4.5
-107 38
-72.5 56.5
-119.5 49
-113 56
109.5 0.5
112 34.5
106.5 31
-94 34.5
117.5 65
-2 47.5
-109 61.5
-131 62
81.5 58.5
128 41
114 25.5
117 63
101 62.5
-76 1
-133.5 59.5
55.5 66
33 41.5
56.5 66
121.5 42
115 30.5
96 63
19 49
95.5 61.5
115 -0.5
-91.5 45
-68 -5.5
125 42
119 31
-159.5 63.5
-74.5 6.5
-92.5 49
13 41.5
-69 -16
15 49
173 64
-117 62.5
42 42
-69.5 -4.5
17.5 -4
-54.5 -8
-60.5 7.5
122 54
98 60.5
1.5 49.5
-61 -10.5
-93.5 46.5
119 10
-87 15.5
136.5 -5
-89 52.5
42.5 41.5
129.5 -3.5
-79.5 51
-132.5 60
-81.5 46.5
8.5 59
-86.5 54
-78.5 53
27.5 -4.5
-113.5 47.5
-105.5 58
-64 52
98.5 63.5
127 58.5
141.5 63.5
103 0
96 60.5
148 -33
120 36
32.5 40
59.5 58.5
-93.5 31
-114 47.5
109.5 68.5
152.5 61
21 52.5
104 21
-133.5 67.5
155.5 65.5
-132 60
-118 64
108 23
-101.5 57.5
-84 33
-56 -2
47.5 61.5
160.5 65.5
-125.5 54.5
-70 -8.5
152 -30.5
58 61
32 56
-109.5 42.5
93 55.5
124 49.5
28 58
101.5 -2
-111 63.5
32 58
137 64.5
-90 54.5
-107.5 58.5
-106 23.5
-72.5 53.5
30 61.5
62.5 65
113.5 70
96.5 50.5
24.5 64
131.5 68
129.5 58
-93 15.5
-73.5 -39.5
25 58
125.5 57
57.5 64
-146.5 67.5
122.5 65
-113 59.5
65 61.5
132.5 70
-117 49.5
95 65.5
123 56
113 66
42 62
16 -2.5
146.5 -8.5
-62.5 52.5
-103 52.5
-112 56.5
-74.5 -4.5
-89.5 15.5
-153.5 66
-85.5 33
-108.5 53.5
115 -3.5
44.5 65
116 57.5
46 59.5
83 54.5
-96.5 56
-70 1
140 51
16 44
-111.5 55.5
57 65
22.5 61.5
-130.5 62.5
72.5 57.5
-97.5 59.5
111 67.5
-79.5 45.5
-116 57
8.5 46.5
-114 64.5
103.5 69
148 -38
129 54.5
-117 53.5
37.5 62.5
114 53
148.5 62.5
-94 31
6 48.5
55 55
111 56.5
112.5 27.5
26 43
-92 50
85.5 67.5
49 61
105.5 66.5
-158.5 59.5
-129.5 59.5
-122.5 48.5
12.5 53.5
24.5 58
-5.5 56
94 61
13 42
-102 59
-92.5 16
111.5 -1.5
-122 61.5
110 50
116 69
-70 -5
17 0
-116 56.5
-117.5 63.5
-71.5 -11.5
80 57
149 69
9.5 -2.5
10.5 46.5
132 68
-55.5 -4
130.5 45.5
22.5 46.5
121.5 57
-115 46.5
114 35.5
132 65.5
26 65
25.5 44.5
-61.5 50
126.5 61.5
94 62.5
25.5 57
75 33.5
-79.5 -6.5
-4 53
41 60
119.5 33.5
-144.5 66
19 64.5
-67 -5.5
-66 56.5
-70.5 57
106.5 53.5
12 45.5
58.5 63.5
-54.5 -4
35.5 -1
19.5 -3
-69 1.5
126 59
115 37
-1.5 49
-75 -49
113 -0.5
119 54
111 33.5
-133.5 68
-137.5 60
83 62
-155 61
-88.5 34.5
137 -5
-7.5 4.5
-68 -2
26 51.5
28 3.5
153.5 61.5
-77.5 -3.5
-76 47.5
17 48
-4 6
35.5 -19
156.5 64
-107 59.5
94.5 27.5
24.5 3.5
-111 58
116 53.5
-124 55.5
19.5 41
-128.5 59.5
-133 58.5
-144 67
-109 55
-124.5 43
25 54.5
28 53.5
-75 -51
-125 66.5
140 53.5
-115 48
1.5 47.5
-78 8.5
171 -43
107 11.5
152.5 68
-85 52.5
-97 54
36.5 58.5
108.5 48
95.5 28.5
-104.5 44
102.5 12.5
151 64.5
-97 19.5
-131.5 66
-49.5 -8
-70.5 -1
-124 56
-117 47
47 -24.5
90.5 56
-96 61
112 63.5
51 56
60.5 60
131.5 65
18 64
17.5 2.5
70.5 57
-70.5 -12
151 62.5
47.5 59.5
149.5 -6.5
35.5 -1.5
126 69.5
127.5 42
-105.5 41
96 63.5
88.5 53
130 42
-87.5 32.5
142.5 44
57.5 62.5
-112.5 59
93.5 61
-60 51.5
-78 52
-99.5 56
104 34.5
115 65
-121.5 65
-72.5 50.5
20.5 49
120 33.5
-66.5 1
111.5 22.5
-94.5 48
68.5 66
7 6
94 54.5
110 29
13 63
-68.5 48
115.5 54
94.5 59
-125.5 50
112 28
-110 59.5
-62.5 -8
110.5 69
10.5 1
143.5 62
-107 36.5
117.5 61.5
61 60
-125.5 59.5
101 -1
108 64
-116 58.5
35 40
124 56
12 57
30 64.5
-71.5 -37.5
-104.5 22
-104.5 53.5
-118.5 63.5
111.5 56.5
158 53.5
-94.5 50.5
-108 57
83.5 50.5
109 52
177.5 -18
-108.5 61
117.5 70
4 47.5
118.5 52.5
41 54
25 60
112.5 66
101.5 -0.5
-120 64
133.5 53.5
113.5 63
-158 62.5
-121.5 56.5
138.5 37
115.5 23
56 61
-71 41.5
98 15.5
-113 63.5
141 38.5
120 60
112.5 31.5
-113 62
94.5 60.5
-116.5 65
-74.5 -46.5
77 56
-127.5 51
-55.5 -8.5
-59 -10.5
-54 -7
-73.5 -52
-92 52
53.5 66.5
-81.5 40
132 48.5
122 40.5
118.5 69.5
-70.5 -11.5
67.5 65
28.5 2
117.5 36
-74 -11.5
-49 -26.5
98 60
-138.5 61.5
77 58.5
115.5 70
-65 -16.5
25 41.5
-91.5 38
-126 54.5
-70 51
-145 67
79.5 62
32 55
42 41.5
-56 -5.5
-97 55
-117 53
-103 60
49.5 65
-75.5 -2.5
28.5 55.5
11.5 59.5
103.5 57
-113 47.5
-155.5 65.5
123.5 65
36.5 67
42.5 40
77.5 60.5
-110 45
140 38.5
-116.5 55.5
-118 65
-39.5 -15.5
-110.5 59
130.5 33.5
47.5 59
-157.5 61
34.5 9.5
14 57.5
81.5 56.5
122.5 51.5
129 60.5
99 27.5
-133.5 63.5
-155 64.5
86 27.5
-98.5 60.5
123 52
9 47.5
147.5 -27
105 -3.5
136 62
4.5 46
-49.5 -3
-156 58.5
-132.5 63
-59 -4.5
98.5 54.5
-158 63
43.5 59.5
-78.5 54
157 67.5
15 57.5
134.5 -6
-1 5.5
101.5 24
8 61.5
-90.5 45.5
102.5 14
-78 49
96 28
134.5 65
119 -3.5
131.5 67.5
109 58.5
-152 64
-70.5 51
-72 54.5
135.5 46
-75.5 56
-75 5
78 32.5
-117.5 59
-85 15.5
-160.5 62
137 58.5
-90.5 34
-115.5 54.5
85 58
-128 60.5
-75.5 -49
60.5 56
32 51.5
-86 48.5
77.5 59.5
22 53
-56 -1
73.5 57.5
102 67.5
84 61
-113.5 65
129 57
20 3.5
-65 -7
78.5 57.5
116.5 24.5
-97 59
-157.5 64
28.5 3
-73.5 -12.5
-130 53.5
120.5 69
57.5 58
62.5 62
94.5 54
27.5 -2.5
-106 56
98 19
59.5 63
105.5 65.5
-91 56.5
-78.5 51.5
71 59
162 63.5
-66 -55
-83.5 42.5
157 65.5
-87 54.5
40.5 61
-79.5 46
139.5 36.5
-76.5 52.5
-73 0
72.5 62.5
101.5 5.5
-131 61
81 7
-87.5 49.5
155.5 68.5
-158 59.5
50 63
119 64
114.5 2
57.5 55
69.5 55.5
76 59.5
135.5 59.5
-69.5 55.5
-57 -3.5
-69.5 -6.5
-91.5 14.5
-2 51.5
-55 -13.5
8 45
5.5 51.5
-128.5 68
-156.5 63
111 69
-137.5 63.5
22.5 52.5
11 53
10.5 56
-77 49
-76.5 46.5
-156.5 62
41.5 41
7 49
-153.5 63.5
140 38
-71 44
-72.5 44
23 51
-73 -9.5
125.5 66
101.5 -1.5
99 57
13 64.5
-76.5 -8
77.5 32.5
100.5 21
133 63
-78.5 44
-104 59.5
-116.5 49.5
-77.5 -3
54.5 64
-123.5 38.5
0 51
117 29
80 66
88.5 66.5
-96.5 54.5
-121.5 57.5
-157.5 65.5
-110.5 43.5
162.5 62
-91 16
106 58.5
-121.5 48.5
-96 55
-75 8
130.5 60
175.5 -40.5
28 52.5
-92.5 34
100.5 26
112 63
16 52.5
-162.5 64.5
78 9
-67.5 46.5
-132.5 66.5
36.5 61.5
125 55.5
10 -1
148.5 -23.5
62 56
-117.5 66
-55 -9
106.5 25
-147.5 65.5
143.5 -7.5
-87 39
-73 -41.5
83.5 64
135.5 62.5
-73.5 -9
-105.5 38
157.5 53
153 62
42 62.5
16.5 50
0 7
109 28.5
138.5 35
-117 66.5
-126 49
28 0.5
109 61
134 -3.5
154 67.5
114 54.5
0.5 44.5
113.5 29.5
-121.5 52
-67.5 -8.5
-133.5 62.5
-77 -6
-0.5 48
124 49
34.5 41
-91 16.5
-124.5 59
-113.5 48
-144 63.5
-96.5 31.5
-110.5 45
-146 68
-52.5 -0.5
-83 29.5
138.5 58.5
107 10.5
71.5 56
-122.5 44.5
121 30
28 55
50 62.5
19.5 0
-84 13.5
111.5 -3
-107 35.5
142 53
104.5 28
44 58
44.5 65.5
117 33
23 54
24.5 2.5
106.5 29
111.5 32
113.5 24
124 69.5
127 51.5
21 -2
151 63.5
-116.5 52
144 67
13.5 66.5
117 28
98 25
94.5 59.5
-158.5 60.5
99 20
-86.5 49.5
-90 35.5
-64.5 50.5
44.5 63
61.5 63.5
96.5 19.5
102 71
10 52.5
-90 46
122 53
110 31.5
156.5 63.5
-145 66
114 64
15.5 50.5
122 11
35.5 55.5
150.5 65
-123 42
76 60.5
114.5 27.5
46 63.5
150 61
132.5 33.5
127 59
55.5 55.5
69 60
-73 44.5
118.5 31
162 65
136.5 50.5
-122.5 58
91 60
116.5 66.5
-74 -6
-4 50.5
-120 63
107 55
139.5 52.5
-115 65.5
167.5 -16.5
14 45
-85 31.5
97.5 57
-127 53
133.5 56
-114.5 64
20 -0.5
24 46
125.5 54
-107 61
-86 52
111.5 57
117 5
98 61.5
-70.5 -11
96.5 63.5
128 48
47.5 64
107.5 27.5
-68.5 45.5
122 47.5
132 53
11 1
-114.5 66
110 31
22.5 62
98 19.5
133.5 63
-134.5 56.5
29.5 -31
128 64
-74.5 -46
-118.5 61
85 64.5
14 62
-126.5 65
-76 54.5
56.5 59
155 -6.5
129.5 59.5
-117.5 62
-49.5 -5
-90 32
90.5 63
-114 63.5
123 53.5
99.5 7
-113 37.5
-151 62
116 51
35 54.5
117 67
134.5 53
33 63.5
-110 54
-82.5 30
-120 51.5
-77.5 47.5
-73.5 1
51 59.5
-73 -3.5
69 59
15 48
-0.5 48.5
107 -7.5
149.5 59.5
-82.5 41
-89.5 55
117 58.5
78.5 63
119.5 57.5
69.5 60
19.5 68
39 57.5
129 35.5
53.5 67
78.5 65.5
-84 50
-105 20.5
89 52
139.5 -4.5
134 56.5
-81.5 49.5
158 52
-77 -8
12.5 42
-151.5 59.5
87 61
-135 62
105.5 60.5
129 59
9.5 63
111.5 24
-81.5 8.5
14.5 46
-81.5 39.5
108.5 62.5
98.5 -1.5
105.5 68
80 59.5
103 21
-115 59.5
-92 18
162 56.5
-82 46.5
-92.5 52.5
-99 57
35.5 53.5
121.5 0.5
123 62.5
109 40.5
101 59
65 63.5
137 52.5
101 68.5
-90 37.5
-127 60
-54 -2.5
-108.5 58.5
114 37
140 -8
30.5 64
61 59
88.5 56.5
30.5 58.5
-80.5 49.5
-50 -3.5
-85 36.5
168.5 -45.5
60 57
23.5 63.5
140.5 -38
-106 32.5
-50 -5
109.5 60
121 16
20.5 42
-123 55
103.5 67.5
85 59
37 55.5
108.5 31.5
132.5 -1.5
169 64
143.5 -4
48.5 -19.5
-124.5 51.5
27.5 51.5
87 57.5
-83 35
78 65.5
103 -3.5
-69 0.5
82 60
-131.5 60.5
-87.5 55
96 59
13.5 41.5
14.5 59
121.5 29
114.5 58
16 5
21.5 2.5
94 20
102.5 55
-129.5 64.5
143.5 -4.5
111 57.5
40 61.5
135 60
111 54
131.5 34
119 60
-91.5 52.5
126.5 49.5
-108 39
-123 61.5
23 60
102.5 68
-156 66.5
103.5 31
-121 54.5
-68.5 50.5
-92.5 47.5
150.5 -34.5
149.5 -31
112.5 53.5
60.5 57
134 51.5
-70 48
-158.5 64
4.5 50
100.5 68
-131 61.5
-107.5 61.5
-107.5 55.5
62 65
-120 37.5
95 56.5
132.5 68.5
84.5 51
29.5 68.5
16 61
97 52.5
73.5 62
132.5 43
0 43.5
74.5 33.5
-91 32
-98 20
38.5 61.5
-114 62.5
92 65.5
-84 49
-66.5 -8.5
167.5 -46
105.5 64.5
-146 65.5
85.5 63.5
-0.5 47.5
28 65
-123 63.5
35.5 51.5
-106.5 54
-122.5 52.5
-132 67
114.5 62.5
-61 -7.5
70 66
-136.5 66
84.5 58
95 28
93.5 27
123.5 52.5
-71.5 41.5
-107 54
109.5 52
93 25
-85.5 37.5
88 58.5
99.5 23
40 55.5
-94 46
-145 63.5
-128.5 61.5
115 1
-78.5 37
-122 59
-69.5 0
153 -29.5
23.5 -2.5
35.5 55
-94.5 36
-132 58.5
125 7
23 43.5
118.5 33.5
127.5 45.5
140 37
-98.5 21
85.5 56
60.5 58.5
115.5 24.5
108.5 57.5
-9.5 54
-126 67.5
15.5 60
-125 51.5
-74.5 55.5
-77 42
-86.5 32
9.5 56.5
108 25
-121 63
-132.5 68.5
-108 38
111.5 53.5
141 -8
22.5 44.5
-74.5 44
133.5 70
30 59.5
-153.5 66.5
169.5 64
9 48.5
69 58.5
103 2
-150.5 65.5
-79.5 46.5
17.5 64
166 62.5
-154.5 64
-115 56.5
-68.5 55
143.5 -7
-56 2
164.5 60.5
-144 62.5
-61.5 51
115 55
-94.5 47.5
117.5 53.5
3.5 49
115 52.5
13.5 4
29 4
118 61.5
-99.5 49.5
124 64.5
-77 37.5
-97.5 19
98.5 15.5
122 69
-97.5 60.5
44 54.5
13.5 1
29 2.5
12 -5
44.5 54
131.5 63
121 1
128 40.5
-97 52
69.5 37
49.5 -14
-132 65.5
147.5 67
-82.5 50
-80.5 39.5
-74.5 48
-6.5 57
73 65.5
109 26
-79 44.5
125 38
-112 62.5
156.5 53
-77.5 7
141 70
-75 41
-129.5 54
-154.5 60.5
-107.5 56
-119.5 57
57 60
137.5 60
106.5 63.5
-106 61.5
130 59
88 23
40 64
120.5 61.5
14.5 59.5
99 11
103.5 26.5
-75 39
53 63
131.5 -1
56 64
89 70
132 56.5
6.5 46
-75 39.5
-151 61.5
-112 61
59.5 56
-136 60
-92 31.5
31.5 62
-57.5 -28.5
-136.5 63
97.5 14.5
96 58.5
-118 48
-67 -3.5
111.5 67
-117 61.5
108 55
-98.5 56.5
-115 60.5
115 66
66 62
140.5 67
103 55.5
37 64.5
-132.5 61
-93 49.5
-124.5 58.5
48.5 64
55 64.5
100.5 0
-69 -1
24 -5.5
-92 48.5
102.5 58.5
145.5 -5.5
95 50.5
84.5 59.5
115.5 55.5
-99.5 55
154.5 60
146.5 -22
101.5 51
149 65
138.5 47
-103 58
40.5 54.5
-12 7.5
31.5 67.5
16 40.5
41 63.5
-137.5 65.5
123.5 0.5
150.5 -10
47 -23.5
118.5 68.5
134.5 62.5
-79.5 -1
88.5 66
-53 -3
-121.5 49.5
-123 52.5
-125.5 66.5
96.5 57
-118 62.5
30.5 53.5
-82.5 29
-46.5 -3.5
-127 55.5
-0.5 53.5
101.5 5
20.5 -3
19.5 -1.5
114 65.5
-104 56.5
125.5 54.5
-94.5 58
-54 -5.5
146 -8
32 68
102 -3.5
-54 -5
-158.5 61.5
-111.5 34.5
-91 17
-119 50.5
151.5 -25
-133 59
-77.5 -0.5
114 0
114 -1.5
-103.5 64
111 30
-118.5 56.5
-86 44
-72.5 -13
116.5 67.5
-76.5 1
161.5 61.5
107.5 64
135.5 55
114.5 -1.5
12.5 52
-88.5 43
-86.5 31.5
126 61
-123 56
-76.5 36
-81 36
92 27
-91.5 37
116 2.5
-122.5 55.5
123 10.5
-77.5 37.5
23.5 46.5
-66.5 5.5
17 -5.5
-62 9
-78 -3
122.5 69
-93 55.5
111.5 66.5
-95 30.5
116.5 60
107 62
73 58.5
36.5 11.5
124.5 43
-88 14
160 67
135.5 53.5
109.5 48.5
52.5 60.5
117.5 4.5
-58 -3
102 31
104 64
58.5 64.5
12.5 -3.5
-75 -13
21.5 -8
90.5 60.5
-141.5 63
65.5 65
45.5 62.5
16.5 67
-73.5 7
120.5 54
126 50.5
93.5 53
109.5 51.5
-86.5 51.5
108.5 51
-71.5 -4.5
106.5 62.5
-70.5 54
-128 64.5
-112.5 54
38 12.5
21 41.5
-59 -7
52.5 62
118 53
-56.5 -0.5
25 46.5
21 -7
-91 30
15 59
-92.5 16.5
-56.5 -10.5
132.5 61.5
-67 58
130.5 51
11.5 1.5
-70 51.5
-105.5 62
122 37
-87 12.5
-105.5 61
23.5 5
-84.5 50.5
95 56
90.5 23
-85 47.5
-138 65.5
19 67.5
-80.5 7.5
82 58
82.5 55.5
13.5 2
-75.5 45.5
26.5 55.5
-53 0
27 57.5
126.5 63.5
38.5 54.5
-68.5 -8
37 62.5
132 57.5
106.5 28
-130.5 60.5
-127.5 54
-126.5 63
117.5 68
-77.5 -7.5
28 57.5
33.5 62.5
-82 47.5
171.5 64
29 41
152 61
99.5 66
112.5 69
117.5 30
-92.5 48.5
-110.5 34
-151.5 65
-124 42.5
14 63.5
11.5 58
143 51
10.5 46
101 27
115 58.5
118 71
140.5 -5
29.5 1.5
22.5 45
122.5 9.5
-108 25.5
115.5 53.5
-109.5 60.5
16.5 -4.5
108.5 23
-68.5 -2.5
105.5 32
89.5 27
-66 54
137 53
23 4.5
-136.5 58.5
-5 39
-91.5 47.5
152.5 -29
114.5 34
-124 41
133 -4
-77 0
100.5 -2
112 36
36.5 10.5
97 26.5
-91 37.5
-118 56
28 47
17.5 69
96.5 63
155 64.5
112 28.5
-95.5 47
-121.5 46
137 61.5
114.5 54.5
108 60.5
-52.5 -8
-64 -9
-77.5 -10
68 56.5
116 38
128 60
-95 48.5
123.5 52
151 62
-77 5.5
-95.5 51
64.5 59.5
-82 34
-76 4.5
98 57.5
-86.5 54.5
99 2
41 57
98.5 10
1 44
-116 66.5
21 -7.5
95.5 51
-65 -16
131.5 56
111.5 38.5
63 57.5
23 46
64 56
-114 44
31 53.5
172.5 -41.5
-122 55.5
23 43
66.5 62
120.5 23
107.5 54
82.5 60
111 52
-99.5 51
105.5 22.5
8.5 60
-107 62
116 0
47 65
87.5 67.5
-93 32
91 61.5
85.5 65.5
-90.5 52
136.5 60
119.5 36.5
19 69
5 44.5
11 4
159.5 66.5
15 68.5
124 68.5
-115 50
87.5 64
-143 65
107 33
23.5 67.5
16.5 1.5
-83 52.5
-111.5 58
106 32
-84.5 51
59.5 63.5
70 64.5
34.5 63
121.5 39.5
-89 44
79 62
112 66.5
36.5 61
75.5 58
-55.5 47
94 55.5
-127 57
-68 -15.5
-53.5 -6
52.5 61
-94 30.5
143.5 66
126.5 69
-93 38.5
12.5 1.5
-64.5 52.5
137 -3
-57.5 -7
24.5 2
124.5 42.5
109.5 51
48.5 64.5
-54 -4
103.5 21.5
-151 66
153 66
92.5 60
14.5 50
121 15
56 55
100.5 59
14 3.5
-130 54
120.5 22
140 -8.5
24.5 0.5
48.5 -14.5
-127 52.5
39 64
35.5 8.5
19.5 1.5
147.5 69
26.5 -0.5
-85.5 44.5
82 65
100.5 4.5
94 25
111.5 26.5
-92.5 54.5
128 45.5
-77 42.5
-73 52
23.5 52.5
115.5 5
133 67.5
-142.5 67.5
11.5 53
100.5 29
-102.5 18.5
-120.5 58
-100 55.5
36 54
16.5 47
-62 -10
-74.5 -4
32 57
124 68
-96 53.5
-84.5 30
-67.5 -1.5
-71 -16
109.5 56.5
101.5 2.5
-152.5 64.5
95 26
91.5 60
-76 56
16 3.5
-65.5 -4
-95 50.5
121.5 29.5
-96.5 52
114.5 4
71.5 66
68 66
111.5 61
64.5 62
96.5 58
109.5 54.5
156.5 67.5
35 -19.5
17 64
114 52
-98 57
-86 41
62 57.5
55 62.5
-1 7
-134 67
10 4.5
-56 -11
-129.5 59
80 60.5
-130.5 65.5
-1 46.5
142 -4.5
-50.5 -5
22.5 3.5
14.5 2
-122.5 63.5
-87 46
124 7.5
136.5 65.5
-87 37
133 60.5
-120.5 48
-116.5 48
-127.5 64
124.5 7
-124.5 54.5
94.5 63.5
114.5 66
120 32.5
-118.5 48.5
-98 55
143 -7
9.5 60
-83.5 41
130.5 66.5
-63.5 53.5
-58.5 -6
119.5 59.5
110 63
-53.5 -12
45 65.5
135 63
127.5 1.5
23 56
100 30.5
115.5 66
81.5 65
138 50.5
118.5 58
108 28.5
132 62
156.5 66
-85.5 31
52.5 54.5
-141 63
-118.5 62.5
-118 54
135 61
-131.5 68.5
160 58
-66 56
102 32
110 57
87.5 50.5
103.5 -5
-121 55.5
69 57
-125 61.5
-61 -11
90.5 26
86 62
-117 59
161.5 57
67.5 62
102 54
-135 63.5
98.5 9
-124 57.5
105.5 30
113 50.5
33 61.5
30.5 -16.5
-95.5 33.5
9.5 47.5
117 27.5
99 58.5
-144.5 66.5
5.5 50.5
-90 49.5
-92 49
-80 50
53.5 59
29 55
-76.5 -2.5
104.5 20
-110 57.5
17.5 1
-85 33.5
-146 64
21 -1.5
165 64
34.5 7.5
-75.5 38
142 48
146.5 69
-120 65
133 54.5
-51.5 1.5
95 51.5
112.5 -2
44.5 59
99.5 20.5
103 63
150.5 -33.5
5.5 62
117.5 59.5
110.5 64
123 67
16 62.5
101.5 57
25 65.5
96.5 4.5
98 25.5
25.5 2.5
-45.5 -2
15.5 50
89 56.5
-165 64.5
-88 15.5
-84.5 47.5
-89.5 48.5
-70 -9
-161 67
-54 4
15.5 57.5
137 45.5
120.5 30.5
119 60.5
-126.5 64
99.5 59.5
118 67
-80.5 38.5
-107.5 38.5
15 -5
129.5 48
-89 35.5
165.5 64
-66.5 55.5
25 51
4 46.5
86 58
-155.5 62.5
-150 65.5
102.5 13.5
125 63.5
-95 51
-53.5 2.5
-160.5 63.5
119 36.5
129.5 60
-90 55
98 24
86 20
100 22
72.5 61
-8.5 54
42.5 57.5
122.5 58
116.5 62
-63.5 -7.5
-60.5 -8
98 52.5
-119 57.5
-67.5 -6.5
-107 25.5
-65.5 6
100.5 58.5
-127.5 59
-92.5 35
41 63
122 16.5
33.5 36.5
20.5 4
101 55
-79 42.5
-139 62.5
114 53.5
-105 53
28.5 46.5
-124.5 52
-69 10.5
109.5 34
109.5 24.5
5.5 47.5
92 57.5
105 34
-86 30.5
22.5 47
91.5 50.5
117 41.5
-138.5 63.5
164.5 61.5
-90 56.5
110 50.5
-65.5 -24
-142.5 67
114 24.5
-108.5 57.5
140.5 -7.5
47.5 58
101.5 66
-81 34
84 56.5
146.5 67
19.5 52
101.5 6
-90.5 44.5
117 68
106.5 25.5
-145.5 66
20.5 69.5
100 66.5
-79.5 -2
-89.5 34.5
147.5 68
24.5 -2.5
149.5 62
146 -41.5
153 67.5
101 65.5
121.5 55.5
116 36
-93.5 52.5
32.5 62
140 58
-68.5 -4
-109.5 33.5
42 57.5
-150.5 64.5
-89 13
-84.5 11
-7.5 7.5
142.5 -7.5
11.5 64
102 59.5
109.5 36
26 65.5
-56 -7
139 48.5
-88.5 54
-115.5 53.5
-125 57
-126 64.5
42.5 56.5
-65 45.5
30 -16
-124 51
125 59
116.5 34
9 51.5
-53 -13
50.5 59
-120 62.5
109.5 32
-90.5 15.5
11.5 51.5
-124 61
33.5 60
47 58.5
105 25
44 64
91.5 65.5
-99.5 52
119 53.5
-76.5 -9.5
-77.5 2
160 58.5
89.5 53
106 65.5
128 50.5
23 52
151.5 67
101 53.5
32.5 52
88.5 53.5
106 53
-114.5 49.5
-1.5 47
-54 -11
98 23.5
95.5 60
122.5 64
-87.5 33
72 64.5
90 63
0.5 48
87.5 51.5
120 67
163 66.5
127.5 51.5
-67.5 -4
-117.5 53
17 58.5
-117.5 48.5
109 67.5
142 -5
109.5 63
177.5 -39
49 65
123 13.5
-74 -41.5
-111 54
25.5 50
59 65
-126 61
99.5 8.5
41.5 43.5
109.5 28
-68 52.5
-66 51.5
-154 65
46.5 61
133.5 52.5
-150 64
-133 62.5
58 60.5
128 40
105 51
-85.5 32.5
142 62.5
-126 64
104 27
-0.5 51
97.5 20
146.5 63
92.5 58.5
-58 52.5
-93 52.5
132 -2
30.5 51
-123.5 51
-158 60.5
117.5 69
12.5 -2
148.5 -27
80 63
-2.5 53.5
-95 31
-116.5 53
-96.5 30.5
-73 -40.5
124.5 54.5
58 61.5
-107.5 28.5
27.5 52.5
98 63
61.5 61
-122 63
-91.5 33.5
-69.5 -1.5
99.5 53.5
135.5 61
23.5 43.5
26 56.5
110.5 29
173 -42.5
121.5 49.5
-131 58
-155 62
102 53
-82 35
-97.5 55
-147 64.5
132.5 58.5
-75.5 5
-119 51
117.5 25
83 65.5
10 49
100 71
100.5 65
-134 66.5
-84 34.5
124 56.5
115 -3
32 57.5
178.5 -17
120.5 15
136.5 67
-61.5 0.5
0.5 43.5
85.5 62
149 -27.5
110.5 25
-88.5 46.5
163.5 66.5
-82 49.5
11 60.5
-57.5 -1
93.5 24
-115 64
32.5 56
-94 36.5
4 50
140 59
-84.5 37
-72.5 55.5
102.5 3
136.5 45
15 -0.5
13 61.5
-74.5 2.5
11.5 4.5
-77.5 -6
-69.5 46
16 44.5
-128 54.5
105 64
92 24
29 69
-87.5 54
134 56
-94.5 57
-124 68
34.5 60.5
-156 64.5
-4.5 56
115.5 -34
-93 30.5
-120.5 56
11.5 3
45.5 60
132.5 66.5
131.5 47.5
28 -0.5
134 45.5
-152 61
102 29
19.5 3
-115 64.5
41.5 58
-89 17
-80 -3
-90.5 53.5
83.5 65.5
-64 4
38.5 57
17 53.5
98.5 16
39 13
115 34
-129 53
110.5 36
100 50
128 54
-135.5 60.5
121 28
-91.5 52
118.5 64
116 36.5
105 -3
137 60
147.5 -10
128 47
120.5 66.5
-0.5 6
92.5 22.5
-61.5 -3
-131 56
116 59.5
-4.5 57.5
-124.5 62.5
-82 26.5
134.5 -3.5
-116 47
-103.5 21.5
13.5 49.5
16 39
110.5 66
-154 65.5
66.5 66.5
-64.5 -9
30.5 67.5
125 6.5
143 -5
28.5 54.5
-65.5 5
-121.5 47
49.5 -15
82.5 63
50.5 61.5
130.5 43.5
-113.5 60
117.5 57.5
98.5 58
-53 -27
-90.5 38.5
-158 61.5
-111 54.5
-0.5 49
118.5 26
146 67.5
115 54.5
129 60
-127.5 55
-77 47.5
47.5 38
104.5 64
-63.5 52
116 -32.5
10.5 4
-96.5 61.5
101.5 1
109.5 35
101 64
-120.5 53.5
-145.5 67
-126 53
30 53
108.5 58
-80.5 40.5
117 36.5
22.5 51
-71.5 51.5
-77.5 41
87 52.5
139 53
-105 23.5
117.5 67.5
64 64
46.5 62
-74 -51
107 65.5
63 56.5
-77 2.5
-72 48
-135 67
114.5 64.5
-82.5 40.5
96.5 62
-135 60.5
137.5 52
-133 68
44 58.5
-103 53
-119 62.5
106 16.5
22 0
-89 14.5
-52.5 -5.5
111 54.5
133 58
49.5 64
14.5 58.5
-90 45.5
27 65
-112.5 58
-156.5 61
127 62.5
153 68.5
-95 34
107.5 12
127.5 49.5
148.5 -22.5
-64 3
99.5 52
-121 63.5
11 43.5
11.5 64.5
114.5 23
-123 45
-153.5 63
-146 65
126.5 68
-122.5 62.5
54 59.5
11.5 49.5
-81 48
75.5 60
31.5 56
-95 47.5
108 63
-73 -1.5
-152.5 63.5
100.5 20.5
133.5 58.5
116 52.5
38.5 14.5
175 -38
-119 56
107.5 33
120 51.5
116 27
-72 -1.5
143.5 66.5
-115 54.5
127 38.5
17.5 48
-91 30.5
-108.5 29
98 59
-56.5 49.5
120 30
-74.5 -3
-97 53.5
-46.5 -1.5
-124.5 60
-115.5 59.5
115.5 32
138.5 63
-94.5 47
133.5 55
-55.5 47.5
119.5 32.5
-86 53.5
168 -46
162.5 64
-126.5 66.5
-92.5 55
104.5 21.5
27.5 57
-53 1.5
-57 -6
-95 50
11.5 4
98 65.5
-97.5 57.5
147.5 -9
37 56
8.5 40
-96 30
-106.5 25.5
4.5 47
-115.5 44
-64 55
16.5 59
-98.5 55
116.5 31
90.5 23.5
68.5 57.5
-131.5 63
125.5 9
98.5 60.5
175.5 -39
99 26.5
125.5 43.5
104.5 50.5
9.5 54
-138 61.5
-118 62
-54.5 -11
-138.5 66
25.5 -0.5
-123 54
115 2
-93.5 35.5
122.5 56.5
119.5 70
49 57.5
-76.5 -2
138.5 -35.5
-106 57
15.5 -7
173 -35.5
-158 64.5
-136 65.5
132 54.5
74 60.5
127.5 38
-116.5 47
26.5 -2.5
107.5 29.5
137 66.5
-95 45.5
-127 63
-104.5 55
-69 0
102 55
-70 -10
-117.5 58.5
-134 61.5
122.5 68
44 57
88.5 25.5
-95 46.5
124.5 -2
12.5 57
23.5 66.5
-55.5 48
-106 33
141 63
90 53.5
119.5 62.5
-72.5 -5.5
41.5 55
33.5 53
159.5 63.5
-83.5 51.5
89.5 61.5
-113 59
121 59.5
143 -6
-47.5 -3.5
27 3.5
-60 54.5
-121.5 62.5
99 19.5
-63 51
-6.5 34.5
133.5 47.5
-66.5 -19.5
-103 53.5
-112.5 38.5
34.5 60
-103.5 62
-74 -40.5
-67 54.5
114 63.5
-77.5 37
-70.5 50
-98.5 51
106.5 64
123.5 40.5
141.5 63
136.5 51
100 0
-74 54.5
33.5 44.5
92.5 62
123 66
-5.5 6.5
-95.5 32
10.5 59.5
135 46.5
-112.5 63
-72 46
101.5 26.5
148 -26
-122.5 45.5
115 1.5
-124 42
-66 45
145 62.5
-145.5 62
151 61.5
-83.5 49.5
140 -4.5
3.5 48.5
112.5 32
24 56
107.5 55.5
67 60
97.5 64
131 60.5
23 -4
92.5 23.5
121.5 53
-84.5 35.5
166.5 66
-73.5 -41
32 68.5
29 69.5
35.5 40
87 26
123.5 60.5
89.5 26
-97.5 54
-0.5 47
106.5 24.5
1 44.5
104.5 61
113.5 53.5
-70 52
99 63
-60 -29.5
105 -2
-134.5 61.5
44.5 61
-140 61.5
-57.5 -4
116.5 33
115.5 -3
141.5 45
-100 53.5
114 33
104.5 52
124 55.5
128 36.5
100 55.5
123 8
130.5 46.5
98.5 65
121.5 59.5
-94.5 46.5
-130 67
-47.5 -5.5
116.5 54.5
129.5 67
145.5 66.5
-4 50
-85 46
-74.5 -45
152.5 -31
-49 -27
93 20
49 66.5
2.5 49
-113 62.5
-95.5 52.5
92 56
48.5 65.5
154.5 61.5
126 65
-84.5 34
156.5 64.5
-74 48
99 65
-86.5 46
29 -0.5
50 36.5
138 36.5
40 62.5
27.5 54
-113 64
12 44
-95 57
48.5 61
29 -32
-86 14
-57.5 -4.5
120.5 -2.5
15 62
107 59
-111 59
126.5 53.5
123 49.5
94.5 53.5
119 58.5
12 53.5
112.5 59.5
-96 57.5
53 64
100 61.5
107 66
17 52.5
14 46
113.5 66
27.5 -2
-125.5 66
102.5 26
7.5 58.5
82 61
41 56
-0.5 42.5
104.5 66
-73.5 -45.5
37.5 10
-89.5 52
-85 52
-64.5 -3
156.5 61.5
-49.5 -27.5
-158 64
-71.5 1.5
116.5 6
11 59
125 62
-106 35.5
161 -9.5
26 3.5
-83 48
-117.5 49.5
-55.5 1.5
-119 54.5
28 63.5
-86.5 33
-127.5 68
-82.5 37
-100.5 59.5
-84 36
-133 62
90.5 27
150 64
-123 66.5
-70 57.5
140.5 -3.5
106 26
-80.5 32.5
-85.5 42.5
33 50.5
-155.5 66.5
-88 53.5
-56.5 0.5
-54.5 -1.5
128 48.5
76 56
22.5 50.5
134.5 46
118.5 39.5
102 26.5
91 24
115.5 0.5
27.5 -1
-85 50
118.5 70
20 50.5
118 62
143 68
-3.5 55
-105.5 39
138.5 49.5
61.5 64
88.5 27.5
108 23.5
-123.5 57.5
111.5 27.5
19.5 42
117.5 40.5
-8.5 4.5
-104.5 58
-122 53
129 -3.5
-57.5 49
-81.5 44.5
107.5 34
125 40
40 57
5.5 6
26 53.5
-68 -55
-53 1
39 63.5
81 59.5
132.5 61
22.5 -5.5
-108 54.5
-67.5 -16.5
130 32
136 64.5
-64.5 3.5
-66.5 -5.5
55.5 62.5
-122.5 58.5
132 51.5
142.5 67.5
-57.5 52
43 43.5
127 57.5
10 53
108.5 56.5
120 62
-73.5 -6
41.5 65.5
149 -34
18 53
113.5 51
119.5 62
103 54.5
80.5 62.5
115 31.5
14 49.5
-54.5 -9.5
-116.5 57
-118 53
142.5 59
-72 49
-71 -2.5
137 62
110.5 30
58.5 64
105 60
149 61.5
23.5 46
56 59
99.5 26
-145 65.5
131.5 60
36.5 56
28 48.5
11 47
-83.5 48
15.5 61
43 60.5
98.5 10.5
102 63
40 56.5
93 24
-59.5 51.5
106.5 30
134 43
49.5 57.5
132 -2.5
124.5 63
126.5 -4
124 40
-105 22
135 35
-121.5 43
20 65.5
-110 62
134.5 60.5
125.5 38.5
28.5 3.5
45 53
114 24
-121.5 64.5
-88.5 32
-77 41.5
13 49.5
86.5 61.5
66.5 55.5
-73 50
23 49
25.5 54.5
84.5 49.5
43 61.5
102 4
45.5 56.5
175.5 -40
15.5 -1
-70.5 57.5
-61.5 52
-60.5 -14
-152.5 60.5
-112 59.5
-65.5 1.5
21 43.5
170.5 61
18 -1.5
-134.5 65.5
107.5 65.5
-91 51
30.5 65.5
-119.5 52.5
101 24.5
111.5 29.5
16.5 51
-8.5 7.5
120 68.5
9.5 59
-70 -7
-90 34.5
90 65.5
-82 43
-53 3
141 59.5
-88.5 13.5
29 65
30.5 55.5
-85 49.5
-73.5 52.5
22 49
-80 39
18.5 42.5
-84 43
74 60
-113.5 54
-152.5 65
112 1
146.5 -2.5
10 -1.5
-68.5 -55.5
-56 -1.5
-124 58.5
37 61
-83.5 37
94.5 62
139.5 -5
92.5 64
21 1
126 39.5
30 58.5
126 57.5
14 59.5
-6.5 40.5
101.5 19
124.5 42
115 63.5
18.5 5
171 63.5
-90.5 48.5
13 59.5
-54 -7.5
-55 48
111.5 1.5
101 50.5
122.5 50.5
26.5 -1
112.5 55
-83.5 49
36 8
-58 -9
117 0
100.5 54.5
132 48
-114.5 44.5
121 66
-68.5 -14
108 31.5
133.5 43.5
-157.5 59
115.5 71
50.5 55.5
123.5 13
-59 51
39.5 59
160 55.5
117.5 33
-57.5 -2.5
117 24
-121 39
103 70
-9.5 5.5
103 3.5
-72.5 -42
59 55.5
161 59.5
113.5 39.5
134 58.5
92.5 26
-147.5 64
112 38
120 29
42.5 57
-109.5 54
-70 -13
-116.5 45.5
88 63.5
-68.5 57
128.5 64
-151 65.5
132 34.5
-91 45
104.5 54.5
-75.5 -3.5
95.5 26
84 66
-73.5 49.5
-121.5 63.5
158.5 -8
98 59.5
-68.5 2.5
-110 60
38 53.5
136 45
97.5 60
-72 -10
-90 52
-87 52.5
-8.5 6
123 51.5
52.5 66
-155 60
123 56.5
-84 53
-80.5 50.5
31 56.5
130.5 53
-46.5 -2
102 0
-128 56
-121 39.5
142 68
104 31.5
122.5 41
-123.5 54
124.5 6.5
4 44
118.5 52
-52.5 -8.5
-83 51
51 65
-51 -6.5
136 53
-3.5 6.5
167.5 67
50 60
-141.5 68
124 53
-107.5 60
46.5 55.5
57 51.5
-75 43
77 9
-121 54
94 21
47.5 -22
68 66.5
114 60.5
25 62
85 63
97 56.5
64 57
19.5 68.5
87.5 26.5
107 25
-120.5 48.5
144.5 -6.5
9.5 44.5
37.5 59.5
-62.5 3
101.5 55
124.5 53.5
117.5 1.5
157.5 62.5
113 60
-65 54.5
131.5 65.5
137.5 58
-63 54.5
96 19
111 35.5
140.5 40.5
-69.5 -15.5
94 26
3 45
106.5 59.5
-6.5 5
123.5 59.5
-87 13.5
111.5 23.5
-96 50
40.5 62
104 63.5
137.5 51
-64.5 51.5
-55 2
98 23
116 5
160.5 -9
97.5 63.5
4.5 6
105.5 30.5
147.5 45
21 39
15 61.5
-136 63
15.5 3.5
100.5 13.5
-3 6.5
33.5 58
-116.5 62.5
17.5 54.5
-141.5 67
-98 51.5
-72.5 -2
-3.5 48
89 61
-157.5 60
140.5 68.5
112.5 22.5
150 67
8 49
121 36.5
107.5 28
148.5 -37.5
131.5 49
-93 37
75.5 57.5
133.5 66
152.5 63.5
42.5 62
-84.5 51.5
32 56.5
156.5 65.5
-109 58.5
-67 6
-127 64
98.5 28
103 67.5
104.5 -3.5
-59 -34
89 25
-114 60
144.5 43.5
154 59
101.5 47.5
17.5 54
74.5 61
12 60.5
-53 4
111 26
-71 0.5
14.5 53
87 66.5
-71 52
7 48.5
20.5 43
-104.5 63.5
16 66
82.5 62.5
5 46
145.5 68.5
13.5 51.5
33.5 57
128.5 54
62.5 57
40.5 64
44.5 58
12.5 -0.5
26.5 1
-122 42.5
-78.5 38
-8.5 8
98 8.5
-115 49
131 43.5
34.5 58.5
9.5 53.5
16 2.5
-70 2.5
-74.5 52.5
34.5 54
149.5 -10.5
45.5 56
-65 -9
-82 49
121 64
43.5 60.5
108 31
-73.5 -9.5
134 66
117.5 62
114.5 -2.5
45 62
-128.5 56
-108 38.5
-64.5 55
-129.5 66
-126.5 55.5
24.5 -1.5
-67 48.5
-116.5 45
-49.5 -4.5
108 55.5
-104.5 20
117.5 64.5
-70 -1.5
139.5 -6.5
-63.5 -10.5
128 54.5
142 67.5
47 65.5
87 53
-84.5 47
98 20
-53 3.5
-119 64
-120.5 62.5
-127 59
62 64.5
-66 -1.5
28.5 4
149.5 68.5
-115 63.5
-66 -12
-130 66
86 61
54 63.5
-109 56.5
138 62.5
-106 60.5
-81 34.5
100 23
24.5 66
12 50.5
113.5 60.5
112 57.5
-81.5 33
131 59
-84.5 42
121 -3
150 -27
-166 64.5
-67 57
170.5 63
99 70.5
-132.5 56
-154 66
-73 43
32 40.5
118 39.5
10 -2.5
117.5 61
151.5 64
100 58.5
140.5 39.5
-74 49.5
108 63.5
31 49
76.5 62
106.5 68.5
49.5 58.5
115.5 3
22.5 39
99 58
142.5 46.5
157.5 67.5
-140.5 64
90 60
-73.5 -1.5
-2 48
16.5 -4
-126.5 51
116 68
-55.5 0.5
149 -35
-70.5 53.5
111 23.5
57 52.5
-99 20
115 59
-100.5 61
-132.5 55
121 67.5
101 22
46 57
-124 47
116.5 52.5
125.5 67
-161 65
29 37.5
148.5 -10
-60 52
-79 51
11 51
1.5 42
61.5 54.5
139.5 -7
99.5 55
38 8
7 45.5
-74.5 -8.5
172.5 64
152 -25.5
43 62
67.5 63
122 67.5
109 24
15.5 58
150.5 65.5
-123.5 60.5
-119.5 57.5
140.5 69
20.5 50
-85 42
119.5 63.5
137.5 36
16.5 61
27 -1
112 34
-114 47
12.5 51.5
126.5 59.5
-143.5 63
52 66.5
-76 -12
103 62
10.5 -2
20.5 68
20 -1.5
57.5 58.5
62 57
135 68
-58 -2.5
19.5 48.5
8 48.5
103.5 53
119 62.5
-127.5 63.5
107.5 16
36.5 56.5
29 40.5
140.5 -7
119.5 40.5
125 66.5
-63 50.5
18.5 51.5
-124 44.5
31.5 54.5
118 30.5
-117 57
151 60.5
111.5 53
-124.5 55
88 63
89 54
91 50.5
19.5 50
121.5 31.5
114.5 37.5
22.5 51.5
132.5 -4
112.5 68.5
-102 55.5
131.5 55
-94.5 48.5
-83 42.5
131 59.5
103.5 19.5
-70.5 58
101 4.5
-78 -5
119.5 36
0 43
113 3
112.5 53
-63.5 2.5
74 56
53.5 64.5
19.5 43
-76 39
117.5 33.5
99 23
135.5 57
147.5 -21.5
-57.5 -2
38.5 44.5
-61 7
-64 -2
10 62.5
22.5 49
56.5 65
26 55
-127 56
-61.5 55.5
-87 49.5
-124 64.5
107 60.5
-92 16.5
148.5 -9.5
122.5 0.5
84.5 56.5
99 9
129.5 46.5
117 55
135.5 55.5
48 -21.5
-47.5 -4
97 30
-77 45
101.5 64.5
122 65
39.5 59.5
39.5 57
-76.5 -5
146 -8.5
16.5 53
-118.5 64
-122.5 54
16.5 43.5
12 59.5
100.5 28
-76.5 55
101 70
-91.5 46
122 62
58 57
11.5 42.5
-80 36.5
-92 34.5
102 20.5
30 65
129.5 56.5
-128 60
101 26.5
-50.5 -1
27.5 48
92.5 54.5
-91 44.5
127.5 56
-154.5 62.5
88 21.5
-124 59
-123 41.5
124.5 52
127 52
113.5 52
-54 -2
133.5 57
-158 59
92 26
110.5 1
-159 62.5
103 68.5
125.5 66.5
116.5 38.5
-64 -18.5
-81.5 34.5
-74 8.5
172 -41.5
76.5 9.5
-72.5 -14.5
38.5 40
156 66.5
107.5 60
13 1.5
129 50.5
106.5 51.5
-77.5 36.5
95 53
30 51
42.5 61.5
12.5 -1.5
-70 -54.5
148.5 68
21.5 4
30 62.5
126 60.5
103.5 51.5
93 27.5
96.5 62.5
-73.5 51.5
-101.5 54
85.5 51.5
54.5 59
107.5 58
110 56.5
34.5 64
125.5 70
-108.5 30.5
120 -1.5
98.5 3.5
102 5
25 2
126.5 38.5
-71 -5
-77.5 40
-84.5 49
-84.5 41
119 63
138 36
-58 3
46.5 -25
50 63.5
-75 40.5
141 66.5
-139 63.5
-157 64
129 50
135.5 67
-47 -2.5
16.5 66
-59 -11
-123.5 45.5
-69.5 51.5
20.5 41
84 58
26.5 -1.5
113 69
39.5 40
-77 48
91.5 55
142 64.5
-4.5 39
166 65
141.5 66.5
118.5 34
-149.5 65
-51 -4.5
32 52.5
25 48.5
92.5 65
122.5 66
-55.5 3.5
112 68.5
-5 38
51.5 63
90 27.5
-72.5 45.5
168 -45.5
25 59
137.5 50.5
104 55
-110.5 62
-70 -8
102.5 30
122 59.5
109 29.5
-131 67
-79 48.5
119 41.5
-76.5 40
90.5 24
154.5 64.5
15.5 63.5
111.5 0
129.5 62
3.5 47.5
113 36
7 61
-71 -55
-132.5 55.5
16 41
48 61.5
127.5 55
137.5 61
127 42
15.5 47.5
18 57
12 49
116.5 33.5
133.5 -2.5
31.5 56.5
8.5 40.5
117 41
115.5 4.5
-127.5 65.5
37.5 51
-117.5 45.5
120 54
133.5 46
-10 51.5
32.5 67
61 66
-68.5 57.5
72.5 63
12 64
116 40.5
87 52
-65.5 -17.5
33 55
28.5 50
-97.5 53
53.5 36
18 -1
-130 60
5.5 60
47 57
-105 22.5
79.5 29.5
119.5 34
-143 63.5
23 53.5
121.5 53.5
-3 51
-57 -8.5
81.5 60
-8.5 41.5
49 55.5
17 0.5
-160 62
152 -26.5
95.5 63.5
110 51
-87 53
161 62
116.5 40
145 43
-146.5 66
5 47.5
52.5 57.5
-74.5 -52
96 61.5
66.5 56.5
8 5
134.5 49
106.5 16.5
-106 55
-125 65.5
87.5 58
116 61.5
-71.5 53
108 33.5
19 44
-71.5 -54.5
130 59.5
80 63.5
93.5 59
-56.5 47.5
154 60
-95 52
61 65.5
99.5 64
118 1
136 46
-72.5 54.5
22.5 63
143 62
30 50.5
32 36.5
99.5 66.5
100.5 56
133 33.5
86.5 27.5
-4.5 34
143.5 63.5
-81.5 8
131 48.5
-160.5 62.5
114.5 26.5
116 70
153 63.5
5 48.5
-2.5 51
17 1.5
116 -33
3 45.5
126 48.5
137 57.5
-157 64.5
134.5 54.5
84.5 67
-74 4
-61.5 -5.5
101 21.5
24.5 56
-75 -4.5
150.5 61
-80.5 33.5
113.5 22.5
41.5 55.5
124 57
-91.5 37.5
97 56
94.5 62.5
137.5 48
126 51
-137 66
18.5 48
-68 -2.5
19.5 0.5
120 62.5
-52.5 -7.5
-111.5 61
117.5 51
-137 65.5
98 21
-155 64
135 65.5
-107.5 39
37 37
-83 51.5
142 50
135 61.5
27.5 53.5
-0.5 51.5
-9 40
-86.5 51
-59 6
19 66
-87.5 39.5
135 50.5
36 40.5
126 50
95.5 29
-55.5 -3
115 68.5
-72 57
76.5 32.5
-116.5 63
-74 -3.5
10.5 4.5
15 41
147 68
53.5 63
-118.5 59.5
134 54.5
54.5 59.5
29 53.5
-9 6
14.5 48
100.5 57.5
106.5 24
-87.5 51.5
-84.5 10.5
39 40.5
-9 5
137.5 50
132 69.5
89.5 23.5
114 -3.5
99.5 12.5
27 0.5
101 3
24.5 -5
97 61.5
124 60
-129 59.5
31 38
-63 -9
-60.5 5.5
145.5 -17.5
151 -6
-135.5 62.5
-90 30
33 58
22 66
-123 49.5
14 47
45 55
17.5 46
99 66.5
15.5 0.5
-86 39
105.5 29
-2 53
-59.5 -3
-62.5 0
31.5 37.5
-79 9
-94 49
102.5 -2.5
111 51.5
111.5 0.5
-113.5 55.5
-69 57
138 -3.5
25 56.5
151 67.5
-90.5 55
-77 55
17 -8
137.5 -2
112 51
-75.5 -0.5
-112 61.5
166.5 63
104.5 34
17.5 -8.5
5 49
113 37
68.5 65
-65 -1.5
22.5 48
116 2
70.5 59
156.5 55.5
21.5 51.5
93.5 29
116.5 67
109 51
52 60
20.5 3.5
34.5 57.5
11.5 0.5
29 39.5
-117 52.5
-76 -7.5
120.5 -2
-148.5 60
-90 35
94.5 52.5
-68 54.5
106 33.5
-8 41
14.5 2.5
50 59
-75 2.5
109.5 57
154 63
-92 46
76 10
-77 -1.5
112.5 57
-90.5 52.5
98.5 63
112.5 69.5
23.5 40.5
17.5 65
-73 -3
-82 29.5
-146.5 62.5
43.5 59
133 61
27 46.5
149 68.5
102 1
-76 41.5
94.5 16.5
-75.5 41
15 50.5
123 48
111.5 -2
114 34.5
7.5 45
83 65
-65.5 51
-73 44
-61.5 -10
105 60.5
12.5 48
91 64.5
-0.5 45
116.5 65
100 23.5
9.5 50.5
105 55
137 48.5
-92 30.5
12.5 43
125 65.5
113 28
104 68.5
-94.5 34
69.5 57.5
110 27.5
135.5 61.5
109 33
50 65.5
86.5 48.5
-49 -25.5
96 59.5
58.5 54.5
130.5 59
34 52.5
-83 48.5
-58.5 -9
99 56
-78.5 47.5
72.5 63.5
97 17
23 44
8.5 49.5
142 -8
99 60.5
2 48.5
-155.5 64.5
124 0.5
-94.5 33.5
-63 -3.5
159.5 57
21.5 56
103 55
57 64
157 64.5
164.5 -21
129.5 58.5
131.5 58
-87.5 33.5
113 22.5
91.5 58
-61 -5.5
-119 61
87 55.5
-119.5 44
107 64.5
23 -5
124.5 12
107 69
99.5 70.5
138.5 60
91.5 64.5
-99 61
47.5 61
104 66
118.5 63
-120 57
117.5 69.5
18.5 66
11.5 58.5
112.5 -1
14.5 51.5
98 27
-51.5 3
143.5 43
125.5 50.5
-63 -6.5
82.5 28
143.5 68
113.5 59.5
20.5 53.5
-144.5 68
121.5 60
121.5 -2
18.5 -2
-47 -1.5
-110.5 54.5
21.5 61
122.5 40
-46.5 -2.5
-56 -3.5
-49 -27.5
138.5 57.5
53 36
20.5 53
45.5 64
40 62
-89 56
75.5 63.5
-74 7
59.5 66
-105 44
115.5 63.5
112 -2
15.5 68.5
138.5 57
97.5 4
97.5 52
109.5 50.5
-115.5 63
34 10
19.5 49
-73 -13
128.5 60
-75 -6.5
-58 -8.5
9.5 5
13.5 55.5
-67 54
-88 54.5
-73.5 8
124.5 49
-67.5 -7
0 53
41 43.5
104.5 56
-159.5 60.5
11.5 62
167 62.5
-121.5 60
15 44.5
98.5 15
89.5 59
86.5 57
22 47
-121.5 41
53.5 65
110.5 28
107 30
-94 45
106 55.5
145 -6
90.5 65
109.5 62
-120 60.5
-63 54
100.5 27.5
23 63
90 23.5
-99.5 60.5
-83.5 35
149.5 -28
31.5 59
23 5
13 49
121.5 50.5
62.5 60
146.5 62
13 52
141 40.5
-131.5 66.5
24.5 55
10.5 51.5
-61 -32.5
92.5 57.5
118.5 31.5
106 51
30 66
10.5 63.5
65.5 63
114 33.5
35.5 6.5
101.5 20
113.5 61
49 66
-67.5 -11
131.5 57.5
152.5 62.5
114.5 63.5
106.5 -7
101.5 14.5
6 47
123 51
87.5 60.5
96.5 61.5
-87.5 37.5
93 62
129 55
-60.5 -1.5
22 54.5
-96 48.5
136 67.5
-77 1
36.5 8.5
125.5 68.5
50 57.5
43.5 62
121 70
120 22.5
113 58
-121.5 52.5
-62 -1
108.5 32.5
107 24
56.5 60.5
178 -38.5
126 7.5
110.5 34.5
66 65
129 36
110 26
5 46.5
74 14.5
-106.5 45
103 54
130.5 53.5
-62.5 -3.5
143.5 68.5
98.5 26
76 31
102 67
16.5 40
124.5 7.5
68 64
15.5 -8.5
80 6
25.5 41
65.5 62
117 -0.5
88.5 58
86.5 61
7 58.5
135 44.5
-123 44.5
124.5 67
-61 53.5
-93.5 49.5
-6 56.5
116 1
28.5 -2
-72.5 2
-126.5 54.5
45 56.5
37 60.5
123.5 55.5
48.5 62
-84.5 45
-80.5 41.5
12 58.5
101 52.5
-49 -3.5
158 66.5
88.5 63
-118 58
-117 59.5
149 -33
-76.5 3
-122.5 47.5
44.5 57.5
80 56
123.5 69.5
26 54
140.5 38.5
97 19
51 60
26.5 57
26.5 48
28 54
-76 40.5
149 -26
94 63.5
13.5 61
29.5 63.5
34 61
-119.5 63.5
3 46
-3.5 53
-66 0
45.5 63
102 58
40 54.5
153 63
22.5 -0.5
-125.5 60.5
75 58.5
130.5 -0.5
51 65.5
36.5 40.5
42 58
-77 35
30 50
135.5 -3.5
100 63
-138 63.5
105.5 -2.5
106.5 17
120.5 17.5
114 27
-94 44
31.5 61.5
108.5 61.5
101.5 32
78 62.5
35 60.5
138.5 -8
-93.5 47.5
69.5 58.5
18.5 0.5
17 44.5
116 64.5
10.5 54
59.5 60.5
125 66
105 32.5
15 -9
-74 0
132.5 50.5
19 -3.5
119 29.5
27 -5
-95.5 34.5
23.5 47.5
97.5 59.5
146.5 -7.5
115 25
135.5 45.5
100.5 50
7.5 45.5
50 64.5
105.5 25
-65 -20.5
103 21.5
97 55
78 60.5
36 66.5
26.5 3
21 64
28.5 47.5
-72 -7.5
-79 39.5
-126 50
6 61
84.5 50.5
-130 61.5
-62.5 -7.5
81 58
115 39
140.5 -4.5
-123.5 58.5
157 53
9.5 59.5
105.5 67.5
101 60
-1.5 48.5
75 13
119 27
1 47
-119 49.5
115 56
6 5.5
123.5 50
38 60
33 59.5
-53 -8.5
-87 53.5
-67 56
-73 7
117.5 34.5
-114.5 58.5
100 2
80.5 57
-97 53
20 0.5
-59 -6.5
51 63.5
110 -3
-112.5 46
58.5 62.5
130 60.5
-140.5 63.5
78.5 9
90.5 52.5
41.5 62.5
116.5 24
-81.5 32
151.5 59
76.5 63.5
84.5 61.5
28.5 63.5
116 -1.5
-75.5 -13
30.5 62.5
-118.5 54
-68 1
31.5 51.5
-86.5 53.5
29 52
60 63
102.5 23
62 63
111 57
34 60
99.5 25
152.5 64
-73.5 7.5
114 69
-93.5 51.5
112.5 2
80 57.5
109 58
-69.5 -55.5
9 -1.5
38 56.5
102.5 62.5
133 62.5
-61.5 1
120 58
114 32
49 -18.5
-73.5 48
0.5 46
-79.5 -4.5
31.5 62.5
149.5 -10
133.5 65.5
-108 54
99.5 71
159 54.5
106.5 68
46 66
33 68.5
106 52.5
102.5 59
-124 67.5
78 66
-85.5 12.5
88 52
168.5 -46.5
-74 44.5
134 53.5
18 3.5
-6.5 37
120 -5
95.5 29.5
19 68.5
97 57.5
25.5 -1
160 -10
138 60.5
-60.5 51.5
-73 42.5
-70 -14.5
18 49
-73 -6
122.5 57.5
-83 50.5
-65 -4
103 32.5
-95 48
109 -0.5
136.5 58.5
55.5 56.5
74 55.5
-10 8
108 68
74 56.5
15 46.5
117.5 40
131 53.5
107.5 63.5
136.5 60.5
10.5 55
126 42
102.5 29
80.5 58.5
65.5 64
109 0.5
44 62
25 3.5
102.5 27
39 59.5
113 1
-79 52.5
25.5 -4
91 56.5
-85.5 48
9 40
149.5 -34.5
-88 33.5
-115 49.5
20.5 51
-85.5 38
110 51.5
-73 1
103.5 30.5
110 67
127.5 0
170 -43.5
-99 51.5
145.5 60
-66.5 47.5
-91 38
23 44.5
35 50
108.5 63.5
120 -2.5
-79.5 -5.5
177 -38.5
132.5 68
110 34
88 22
100.5 22.5
20 53.5
114.5 35.5
98.5 16.5
129 37
129 62
93.5 52
-68 -12
160 66
-117 65.5
21 49.5
45 60
88 65.5
118 35
83.5 60.5
-114 46
25.5 45.5
97 26
-85 38
71 60.5
100.5 24.5
103 64
44 64.5
121.5 69
61.5 60.5
33 64
94 60.5
-5.5 56.5
150 65
-79.5 48.5
-120.5 57
29.5 37
8.5 44.5
2.5 45.5
128.5 43.5
27.5 63
135 57
119.5 64.5
-90 37
55.5 63
10 51
-117.5 50.5
152.5 63
124 51
65 62
118 35.5
86 63
84 60.5
36 63.5
128.5 53.5
97.5 22
39 67
-123 50
-106 60
-100 54
-4 5.5
101.5 -3
48.5 61.5
-55 -2.5
-119 55
49.5 60.5
122 48.5
114 55
99 13
100 27.5
157 57
107 26.5
131 62
-59 1
100 47
12 1
93 55
-74.5 -47
121.5 54
27 61
133.5 55.5
104 23
138 48.5
-68 -1
-96 46.5
149.5 -36.5
90.5 65.5
63.5 56
-2.5 48
49 -16
115.5 60
64 58.5
139.5 37.5
122.5 53
-51 -11
20 53
102.5 0
123.5 59
96 23
130.5 31.5
38 -12
-110 43.5
150 62
124.5 55
-66 -9
-50 -6
74.5 57
-58.5 52.5
-117 63
135.5 63
142.5 -4
164 68
102.5 66.5
-125 63
-86 32
123 53
-52 3.5
139.5 54
76.5 32
126.5 35
-81 8
-96.5 61
23.5 44
-151.5 61
86 66
-69.5 -14
-130 54.5
123 61.5
122 56.5
117 43.5
10 2
19 1
93 62.5
-139 61
-90 49
-74.5 5
92.5 64.5
5.5 48
30 51.5
12.5 56.5
-93.5 46
29 66
-111 44.5
8.5 51.5
32.5 36
92 52
38 64.5
138 51
-74 -5
152 59.5
82.5 63.5
112 58
95.5 52.5
97.5 62
98 17
102.5 31.5
105.5 17
108 67.5
127 54.5
124 66.5
126.5 64
123.5 64.5
113 57.5
-9.5 51.5
9.5 3.5
-73 5.5
50.5 64
11 0.5
84 59
-71.5 0.5
50 56
47.5 -23
14 56.5
134.5 46.5
120 61
139.5 35.5
0 45.5
-58.5 1
-147 66
-66.5 -20
153.5 64
174 -39.5
99.5 63.5
113.5 0
28 63
-113 60.5
118 60
21.5 67.5
-67.5 51.5
138 -8.5
10 59
-77.5 -2.5
126.5 62
112 22
102.5 25
151 -28.5
84 63
-64 -21
-90.5 50
115.5 60.5
113 2.5
-70 -12
22 54
102.5 2
162 62
-6 57
108.5 23.5
16 46.5
149.5 -25
143.5 -8
64 59.5
135.5 58
70 58
94 26.5
85 59.5
74 59
-2 5.5
14 56
14 -1.5
102.5 25.5
107.5 51.5
-52.5 -11
-56.5 4.5
45.5 55.5
-109 30.5
-66 -8.5
94 21.5
112.5 67
-72 -2
-96 33
107 21
79 60.5
-122.5 60
93 57
19 48
115.5 34.5
95.5 50.5
-119.5 37
73.5 58.5
-55.5 1
-157 62
29 36.5
150.5 64
97 49.5
149 -31.5
144.5 67
133 52.5
95.5 62.5
-103.5 56
116.5 3
-85.5 49
151 67
24.5 0
-65.5 -6
-113.5 45.5
-75.5 -11
152.5 -28.5
70.5 56.5
-78 7
-68 0
108 57.5
22.5 5
106 27
64.5 56
134.5 65.5
19 48.5
-126.5 50
-58.5 0.5
38.5 60.5
104.5 63.5
0.5 49.5
111.5 31.5
109 34.5
-79 35.5
-71 57.5
105 56
128 62
-137 61.5
2 45.5
116.5 -0.5
25.5 49.5
101.5 65
-80 33
-94.5 56.5
113 70
-62.5 1
-71.5 44
-156.5 63.5
131.5 66.5
16.5 2.5
11.5 60.5
-95.5 33
111 66.5
-71.5 53.5
117 54
-87.5 31.5
104 68
20.5 -1.5
102.5 -4.5
107 49
128.5 58.5
93 54
31.5 36.5
121.5 39
-64.5 -8
-151.5 64
-126 49.5
156 65.5
148 -23.5
-69.5 -10
142.5 51
-66.5 -8
-160 63
21.5 49.5
87 54.5
18.5 67.5
126.5 56.5
167.5 65
-52 0.5
132.5 47.5
81 29.5
96.5 3.5
-72.5 -47
47 54.5
-123.5 42.5
152 63.5
24 5
-124 47.5
-75.5 52
94.5 55
28.5 -2.5
38 55.5
-56.5 -8.5
-51.5 2.5
114.5 36
-87.5 35.5
118 42.5
22 62
-82.5 48.5
34.5 50
87.5 56.5
120 23
-69 57.5
117.5 60
-9 41.5
27.5 61.5
106 62
-60 -4
14 0
138.5 -4
48 41.5
173.5 -36
105 28
119.5 29
54.5 55.5
-117 58
-74.5 -49
-57.5 52.5
121.5 65
19.5 4
81.5 61
-5 5
8 50
155.5 68
109.5 25
17.5 68.5
109.5 33
96 20
-145.5 62.5
-46.5 -4.5
118.5 53
50.5 61
-54.5 -1
120 33
24.5 1.5
116 24
88.5 59.5
-62.5 -6
113.5 25.5
131.5 50
-107 45
9.5 52
-93.5 47
156 61.5
102 16
132.5 60.5
65 62.5
52.5 63
83 60.5
2 49.5
138.5 50
-108.5 60
-66.5 -12
134.5 51.5
124.5 70
44 57.5
106 54
101.5 64
88 24.5
116 25.5
67.5 56.5
137.5 -2.5
7.5 53
140 49.5
32.5 66
-123.5 59
-68 45
123 0.5
7.5 52
84 50
-85.5 36.5
13 -6.5
-114.5 63.5
97 19.5
8.5 45.5
108.5 66
172.5 -41
-90.5 53
-64.5 -5.5
47 -22.5
23.5 59
48.5 56.5
24.5 63
161 68
-65 -0.5
111.5 58.5
28.5 69.5
59.5 62
-55 49
102 27.5
88 61
-7 6.5
-112.5 62.5
30 63.5
68.5 58
34 64.5
120 66.5
-129.5 55
85.5 57.5
82 64.5
112.5 61
-58 -11.5
-96 52
65 61
90 22
118 58
123.5 54.5
70 65.5
20 4.5
67 66
-126 65.5
134.5 52.5
88 66
73 56
-136 57.5
152.5 61.5
-81.5 38.5
-79.5 34.5
115.5 68.5
-78.5 40
-102 52.5
53.5 57
130 57.5
100 59
101.5 62.5
47 55
19 43
25.5 61
104 65.5
102 61
110.5 -3
96.5 26.5
21.5 41
158 54.5
150.5 59.5
-68.5 1
48.5 62.5
-124 48.5
138.5 -6.5
-115 46
109 67
-110 55
64 62.5
26 46.5
-138 67
117.5 39.5
91.5 25
3.5 50
-88 36
99 28.5
102.5 19.5
63.5 57.5
32 54
103.5 54
-85 41.5
19.5 -2.5
127.5 46.5
22 39
175 -41
120 68
132 44
-82.5 28
123.5 67
106 59.5
113 27
109.5 24
-84.5 52.5
-40 -15.5
-94 57.5
95 55.5
127.5 48
98.5 24.5
149 -28
90 50.5
-66 1
132.5 57.5
115 -2
-61 -8.5
15 65.5
143.5 50
32 3
104.5 63
15.5 -2
78 60
99.5 50.5
94.5 53
130 54.5
-131.5 67
53.5 61
80 7.5
-74 46.5
137.5 64.5
-91.5 56.5
88.5 24
-53.5 3
-81 38.5
-57.5 -1.5
20.5 43.5
111.5 27
-101.5 51
57 59
110 -0.5
-63.5 -6
-8 4.5
77 63
138.5 -5
128 51.5
41.5 57.5
99 24.5
117.5 59
55.5 54.5
110 68
104.5 51
-57 -1
-122 53.5
124 63.5
0 50.5
121.5 41
127.5 47.5
-63.5 5.5
109.5 26.5
-93 46.5
-104 58
-78 39
-100.5 55.5
26 1
-116.5 64.5
104 29
7 52
103.5 -4
-119.5 59
-60 -2
113.5 26.5
67.5 61
16 52
28 4
-120 51
-58 5
150 -25.5
33 60
49 -14
21.5 5.5
-86.5 50
-60 0.5
41.5 62
-118 58.5
77 61
115 64
111 38
30.5 -16
-53 5
-75.5 -6.5
-65.5 57.5
76.5 60.5
20 68.5
141.5 40
133 -3.5
147.5 -8.5
23.5 1.5
-113 65
128 42
56.5 61.5
29 48.5
144.5 -4.5
-4 8.5
-61.5 9
106 66
-75 0.5
-61.5 54
20.5 67.5
-88 50
128 2
-65 0.5
100 63.5
-81 47.5
27 62
44 56.5
111 27
100 20
27.5 53
28.5 63
132 53.5
-113 55
-59 5.5
-129.5 67.5
168 64.5
134.5 68.5
104.5 66.5
141.5 68
40.5 55
-126 55.5
-67 -8.5
-70 0.5
-83 46.5
108.5 27.5
54 60
100.5 50.5
-8.5 40.5
55.5 58.5
100 20.5
-65.5 48
149.5 -24.5
-75 -52
-89 48.5
152.5 -4.5
-66.5 -2
-61.5 -10.5
-53 -11.5
60 59.5
-3 5.5
-121.5 40.5
121 60
173.5 63.5
112 62
-109.5 45.5
-118 54.5
167.5 -47.5
27 -4.5
157 66.5
109 12.5
9 39.5
6 60
-159 67
49.5 57
87.5 65.5
-74 41
107.5 31.5
102.5 -4
133 51.5
132.5 -1
128 37.5
137.5 65
23 45.5
-3 43
115.5 57.5
104 57.5
-85 12
-75.5 47
19.5 50.5
6 43
90 26.5
74.5 57.5
-1.5 48
42 54
121 69.5
5.5 52
40.5 60.5
11.5 -1
91 65.5
149.5 69
158 65.5
93 52.5
109 57.5
-58 4.5
-133.5 57
-74 -9
52 66
124 67.5
-90.5 42
-65 5.5
-120 59.5
74.5 14
17.5 67
113.5 23.5
24.5 62.5
-75.5 46.5
16.5 60.5
23.5 54
119.5 26.5
-62.5 4.5
127.5 54.5
133.5 65
129.5 57.5
15 -8
-123.5 54.5
106 58
147 65.5
-78 38.5
137.5 46
88.5 58.5
38.5 57.5
-90.5 56
47.5 58.5
98 18
144.5 62
-0.5 42
54 61.5
121 47
-82.5 51
8 50.5
28 38
114 59
-110 44.5
118 26
102 64
26 -2.5
131 53
20.5 54.5
-84.5 10
113.5 58
28.5 -32
16 0
-126.5 53
79 58
120.5 53
40 65.5
24 53.5
105.5 33.5
74.5 60
25.5 50.5
114 59.5
26.5 -4
112 33
123 49
101.5 13
31 66
99.5 25.5
16 57
104 26.5
-58 -4
15.5 1
-70.5 -5.5
110 22
-62 0.5
117.5 28.5
-62.5 -9
47 64.5
27.5 66
120.5 53.5
-0.5 52
136 60.5
85 65
96.5 57.5
-85 45
2.5 48
-76.5 39.5
92 66
17 48.5
61 64
34.5 58
87.5 57
17.5 59
-82.5 36.5
-160.5 63
-76 38
124.5 52.5
-95.5 60
131.5 58.5
51 66
19 2
107 58.5
119.5 65
16.5 3
-115.5 59
158.5 56.5
-106 40
-61.5 -12
125.5 68
-79.5 45
-104 57
102 55.5
149.5 61
4 50.5
73 60.5
51.5 65.5
171 -43.5
104.5 -5
88.5 21.5
9.5 56
58 57.5
-91 47.5
-80 45
7.5 47.5
24.5 56.5
103 1.5
22.5 41.5
-76 54
115.5 -2.5
-64.5 55.5
100 62.5
142 -5.5
72 56.5
63 63
121.5 69.5
132 69
74.5 13
-84.5 36.5
44.5 57
91 27
108 12
37.5 56.5
95.5 51.5
117.5 4
128.5 63
21 42.5
86 51
-54.5 -13
56 55.5
115.5 58.5
-7.5 53.5
-78.5 45.5
117 31.5
61.5 64.5
111.5 23
30.5 59
110 28.5
21 50
-81 43.5
132 66.5
72.5 56
-107.5 62
122 0.5
-54 0
100.5 -0.5
-116.5 57.5
-78 38
-3.5 6
161.5 55.5
-73.5 0.5
30.5 54
-77 41
16 47.5
-84.5 53
-62.5 -11
7 60
85.5 49.5
-85.5 46
121 59
25 53.5
118.5 65
27 1
21 -5
97 1
49 60
-54 47
159.5 -10
-99.5 55.5
23 61
131 33
46 41.5
-63.5 -2
85 65.5
111.5 56
-66.5 -3
-91 14.5
-85 33
-69.5 -14.5
99 66
113 57
-124 41.5
97 51
45 61.5
116.5 70.5
21 68.5
172 -42
-85 37
93.5 25
113 0.5
140.5 -4
-128 62.5
-103.5 52
-47 -4
46 53
18 -4.5
69.5 59
-63.5 4
55 59.5
-1 45.5
22 55
48 59.5
-102 57
9.5 45
-117.5 61
151.5 -5
-72 47.5
156.5 51.5
41.5 65
-64.5 -2
-89.5 53
-81 49
102.5 67
146.5 -43
43 61
95.5 17
-61.5 -12.5
-56.5 -4.5
110 34.5
26 67
-88 55
117.5 29.5
-58 54
94 59
52.5 58.5
75 59
21.5 -3.5
-88.5 33.5
-107 24.5
-60 -52
144.5 63
43.5 64
105 62.5
-72 0
117 34
177 -39
-132.5 59.5
147.5 -38
161 67.5
27.5 65.5
82.5 59
48.5 58
144 68
-75 -5
-7 53
110 58.5
106 59
-86 15.5
28 64.5
22 -7
92.5 20.5
109.5 69
115.5 35.5
108 15
-76.5 49.5
-127 54
-111 56.5
-10.5 7.5
49.5 53
98.5 23
98 71
121 15.5
125 61.5
15.5 60.5
69 66
-138 63
135 62
-123 48.5
89.5 65.5
107.5 64.5
-78 41
97 59
144 -37.5
18.5 63.5
28 38.5
108.5 26.5
25 52
110 29.5
136.5 49
106.5 61.5
13.5 49
103 57
93.5 26
-103.5 52.5
95 59.5
-73.5 -45
82 63.5
28 -1.5
117.5 58.5
97.5 55
-1 51.5
41 41
16 66.5
46.5 56
-66.5 4.5
13.5 9.5
52 54.5
-76 48
-99 60.5
122.5 62
148 68.5
12 42
-76.5 -7
-85.5 35.5
35 10.5
-67 51.5
13.5 62.5
-90.5 35
44 61.5
103.5 31.5
115 32.5
-59 52
102.5 24
-119.5 51.5
-71.5 -3.5
58.5 61.5
137 56.5
-101 60
178 -18
-66.5 3.5
148 59.5
-119.5 49.5
26 63
39.5 55
-72.5 1
100.5 -1.5
-65.5 -1
113.5 34.5
102 56
87.5 54
29.5 60.5
99.5 68.5
134 47
161 63.5
17 62
110 59
-65 -10.5
30 67
80 9
-115 58
117 60
-11 6.5
18.5 -1.5
19 69.5
31 56
50 61.5
100 47.5
-70 -9.5
122 65.5
-93.5 56
109 49
-87.5 32
127 52.5
-101.5 51.5
-119.5 58.5
111.5 54
-72.5 47.5
86 52
-72 49.5
118.5 60
131.5 33
11.5 -4.5
52.5 59
106.5 23
105.5 27.5
131 55.5
84.5 63.5
-82.5 39
82.5 56.5
47.5 -22.5
-72.5 -54
35.5 53
114 3
103.5 71.5
94.5 28.5
115.5 35
-75.5 46
11.5 0
-147.5 67.5
110 33
152 68
121.5 46
56.5 65.5
117.5 38
130.5 58.5
159 -8.5
34.5 41.5
123.5 49.5
7 53
99.5 60.5
37.5 63
109 21.5
-77 43
110 57.5
104.5 60
100 67
33.5 57.5
-69.5 53
-81 50.5
20.5 -5
16 68.5
99 11.5
8.5 47.5
-68.5 -7.5
-1 47
146.5 -41.5
130.5 52.5
113.5 33
110 66.5
-2.5 8.5
-67 -16.5
-146.5 67
23 41
112.5 51
17 61.5
136.5 56.5
68.5 58.5
95 27
99 59
90 66
150.5 -24.5
129.5 60.5
133.5 -1.5
11 1.5
123 57
20 -2.5
142.5 66
26 -1
119 30.5
104.5 55
114 36
114 65
112.5 54
-40 -16.5
123.5 63
-73.5 -46
125.5 41
-110.5 54
31 64.5
-123 59.5
140 58.5
125 56.5
127.5 41
-71 -10
114.5 65
-107 55.5
-90.5 47.5
109 33.5
48 58
-58.5 -3
-119 45
122.5 67
-122.5 46
140 50
80 64.5
-141 64
150.5 60
15.5 57
33 52.5
96.5 18.5
111.5 35.5
110 64
138 46.5
88.5 24.5
7.5 51.5
24 -1
103.5 26
98.5 2.5
58 54
57 62
-80.5 37
32 50.5
41 58.5
88.5 65.5
168.5 64.5
109.5 28.5
-39.5 -14
128.5 45
121 57
47 43
114.5 69.5
90 63.5
107.5 27
112 22.5
37.5 55
102 61.5
114 60
128.5 46.5
-84 41
-65 1
126.5 55
26.5 66
-1.5 47.5
101.5 57.5
29 -1
-52.5 -7
29 64
45.5 64.5
11.5 55.5
135 45
116 -2.5
10 61.5
61 62.5
-65 -25
142.5 65.5
137.5 46.5
-77.5 34.5
122.5 11
39 44
35 -1.5
-62 53.5
-62 50.5
-105 60.5
92.5 59.5
127 64.5
-91 54.5
114.5 31
46.5 54.5
-58.5 54
29 59
152 66.5
11.5 59
-78 -4.5
-128.5 53.5
-56.5 -7
22 -0.5
147 69
-69 -14.5
97.5 57.5
-71 -5.5
150 65.5
-61.5 55
42 65
17 64.5
102 37
21.5 62
67.5 56
-54.5 1.5
-67.5 2.5
14.5 40.5
158 67
103.5 2
-109.5 58
-61.5 -15
19.5 63.5
-122 44.5
71.5 65.5
93 58.5
-71 -14
15 58.5
43 58
-77.5 46
-127.5 66
-69 55.5
116 -4
98 61
23.5 -0.5
117 23.5
102.5 -3
75.5 33.5
116 -33.5
-71 54
47 57.5
-87 31
61 60.5
-123.5 42
59 55
-143.5 63.5
90.5 67
109.5 53.5
35.5 -18.5
-70 57
84.5 53.5
-78 43
-121 51.5
-75 -0.5
13 2.5
85 62
110.5 62
52.5 64
152.5 62
102 24
-101 51
61.5 58
-2 5
88 23.5
-107.5 53
96 26
125 64
-48.5 -25.5
26 0.5
104.5 56.5
27.5 63.5
29.5 40
85.5 64.5
81 6
118 34.5
11 62
48.5 -14
-121.5 57
178 -38
137.5 62
105.5 -2
37.5 44.5
17 66.5
116.5 36
41.5 56.5
136 62.5
97.5 3
127.5 53.5
121 24
80.5 59.5
-87 35
47.5 63.5
11.5 51
71.5 57.5
19.5 65
54 65.5
-94 54
24 52.5
48 63.5
24 49.5
-60 -30.5
-65.5 2.5
30 60
130.5 64.5
116.5 -1.5
76.5 58
8.5 56.5
-82.5 38.5
80.5 61
-68 -0.5
73.5 64.5
60.5 54.5
-57.5 48.5
87 23
116.5 35.5
86 57.5
20.5 48.5
108 34
148.5 -24.5
-92 45.5
-64.5 -1
112 50.5
117.5 65.5
41 58
121.5 65.5
103.5 28.5
118 28
-41 -19
80.5 7
74 34.5
50.5 63.5
47.5 -20.5
8 52.5
24 45.5
15.5 51
108.5 15
36 57
16.5 0.5
-119.5 56.5
-100 50.5
152 65.5
-95 58.5
7.5 5
116.5 66
130 43
-69.5 -2
-93 35.5
16.5 1
150 -34
100 1
21.5 50.5
23.5 58.5
-73.5 5
88 58
-93 47
97.5 56
56.5 63
28 -4
105 68
51.5 57
139 53.5
-91 45.5
-68.5 -9.5
99 8.5
105 67.5
-144.5 67
104 50.5
-1 48.5
105 50.5
124 55
159.5 66
95 57.5
20.5 -4.5
15.5 53
22.5 -2.5
-113 45.5
-8 43
-112 41.5
-59.5 -3.5
-74.5 -5
101 29
83 58
-65.5 -1.5
74.5 33
-65.5 -18
115 57.5
28.5 -0.5
-106.5 55
-73 -44.5
123 66.5
14.5 62
-123.5 52.5
104.5 31
-60.5 -33
-76.5 41
15.5 59.5
12.5 47.5
132.5 44
135.5 66
-121.5 53.5
-64 4.5
22 49.5
-49.5 -28
28.5 1.5
-93 57.5
51.5 60.5
-79 47.5
152.5 65.5
104 19
6 6
110.5 35
27 67.5
-72 55
52.5 56
114.5 70.5
86.5 54.5
153.5 62
22.5 37
20 3
143.5 67.5
102 62
41.5 64.5
-73 18
-84 31.5
100 26
-85 51.5
-68 54
104.5 54
-113.5 63.5
88 62.5
174.5 -41.5
32 65.5
158.5 65.5
109.5 66
127 37.5
9 40.5
34 52
51 58.5
-96 30.5
97 18.5
106.5 30.5
43 54.5
117 64
103.5 49
52.5 61.5
38 63.5
149.5 -27.5
110 60
-83.5 37.5
95.5 64
6 49.5
175 -38.5
112 2
109.5 37
35.5 56.5
14 47.5
-105.5 60
102 60
24 64
102 14
80 6.5
61.5 58.5
100.5 23.5
57 60.5
-87 36
140.5 58
45 57.5
104.5 30
112 67.5
138 59.5
-71.5 -12
116 63
-5 56.5
121.5 55
159 54
-68 55.5
118 27.5
-66 -25.5
-56 47.5
-65 48.5
137.5 48.5
37 56.5
38 67
-5 57
-104 21.5
109 30
26.5 46.5
-81 41.5
118 29.5
2 42
-122 43
-94 18
36 57.5
161.5 54.5
93.5 65
-125 52
-105.5 53.5
37 57.5
21.5 44
120 -4.5
105 58.5
-81 49.5
-55 1.5
-75 40
-51 -3.5
-72.5 -6
103.5 32
128 37
22.5 -4
-103.5 55
45.5 40.5
-79.5 0.5
31 51
137.5 59
146 62.5
112 59
155 67.5
147.5 -36.5
-77 -2.5
21.5 52
-113.5 55
-79.5 54.5
101.5 -3.5
-74.5 45
-80.5 50
136.5 58
-77 -2
26 62.5
-118.5 49
71.5 65
139.5 49.5
68 64.5
28.5 -3
10.5 63
89.5 60
85.5 54
146.5 65
120.5 52.5
81 6.5
34 54.5
-143.5 62.5
28.5 68.5
-114 60.5
-5 5.5
18 1
129.5 52.5
85.5 53.5
-0.5 44
59 60.5
110.5 64.5
110.5 0
99.5 15.5
-60.5 -9
15.5 52.5
89 69
32.5 54.5
146 68
44.5 42
-60.5 53.5
32.5 57.5
142 64
113 54.5
159 64
-109 58
33.5 60.5
10.5 52
16.5 40.5
117 69
-5 57.5
-111 55
35 62.5
-75.5 1
105 30
-131.5 62.5
92.5 13
97 31.5
74 58.5
-85.5 54
116 37
17.5 0
-92.5 37
118.5 62
-106.5 56.5
64.5 58.5
43 62.5
-76 43.5
128.5 48.5
117.5 52
31 40
-108.5 61.5
91.5 61
-67.5 55.5
126.5 58
144 43
112.5 62
-0.5 5.5
115.5 65
3 44.5
-71 56.5
81.5 6.5
-55 -2
86 69
-66 5
26 -6
136 34.5
39.5 10.5
114.5 59
95.5 57
48.5 -19
7 46
135.5 52
81.5 57.5
123.5 66.5
131 47.5
26 1.5
-84 41.5
-126.5 55
-92 55.5
70.5 59.5
-69 -11.5
-104 54
25 45.5
21 62.5
-56 -12
92 64.5
101 15
116.5 -34.5
118 70
-74 46
26.5 51
-119.5 58
136.5 -4
94.5 21.5
-74.5 4
97 62.5
130.5 55
102.5 59.5
-63.5 50.5
11.5 52
139.5 58.5
2.5 44.5
80 64
118.5 27.5
-123 49
-90.5 49.5
-95.5 31
-87 50
99.5 67
-61 -8
117.5 0.5
7.5 46.5
125 60
-54 1.5
-95.5 56.5
25.5 51.5
1.5 48
-123.5 62.5
89 22
30.5 69
31 38.5
119.5 40
100 24
-5 56
102 63.5
-86 51.5
152.5 65
108.5 32
14.5 60
-62.5 -10.5
117.5 27
-59.5 -52
89 23
-82.5 33
127.5 43
-116 67
40 58.5
150 60.5
149 60
-74 18
146.5 -7
-99 58
86.5 68
12.5 43.5
143.5 -5
-59 -9
-126 52
-69 58
78.5 56
-59 -52
58 54.5
47.5 38.5
-113.5 53
-137 63.5
36 60.5
-67 -0.5
105.5 18
16 51
116 64
92.5 24
-64.5 2
135 59.5
159.5 57.5
-120 52
-82.5 8.5
84.5 62
-54 -6.5
129.5 44
-60.5 -12
1.5 50.5
-96 51
-74 52.5
37 67.5
93 53.5
119.5 53
97.5 15
83 64
-95.5 53.5
54 56
114.5 29
123 59.5
120 69.5
16.5 50.5
-132 66.5
56 57
106.5 22
122.5 54
-84.5 53.5
-105.5 54
116 1.5
168 65
83.5 65
5 47
111.5 55.5
154 65
50 66
2.5 50
-64.5 -6.5
-104 54.5
130 45
100 59.5
9.5 48.5
-65.5 -19
119 57.5
-71 55.5
119 36
33.5 53.5
-115.5 65
142 -6
8 45.5
0 52.5
131.5 62
46 55.5
-67 52
87 27.5
148.5 66.5
-102.5 55
-53 -5.5
-103.5 60.5
102.5 67.5
-81 47
0 47
108.5 12.5
86 59
102.5 53.5
-85 45.5
30 64
22 65.5
-9.5 52
34.5 10.5
98.5 61.5
106 67
-69 44.5
54.5 61
85 56.5
159 67.5
159 66.5
-57.5 2.5
-82.5 49.5
-128.5 60.5
48.5 41
62.5 63
27.5 3
-93.5 54
-96.5 58
61.5 59.5
98 3.5
48 55.5
89 57.5
-74.5 0
-55 -11.5
-123.5 43
136.5 66.5
-83.5 53.5
23.5 -4
30 69
15.5 -0.5
136 35
-108 26.5
-161.5 61.5
148.5 63
-114 57.5
153 -29
-1 53
-99.5 59
55 55.5
102 21
110 60.5
32.5 66.5
117.5 2
40.5 54
-81.5 28.5
117 28.5
-76 1.5
100 6
113.5 52.5
10 56
-79 36
131.5 60.5
10.5 44
159.5 54.5
10.5 48
135 46
110.5 21.5
18 53.5
-61.5 4.5
166.5 -46
37 8.5
-104.5 54
-93.5 57
41 55
-57 -2.5
114.5 33
0 51.5
-63 52.5
119 41
-71 -13
30.5 66.5
13.5 52.5
149 -27
21 51.5
21 66.5
2.5 42.5
113.5 2
120.5 28.5
-148 66.5
102 -2
109.5 49
-3 42
9.5 0
52.5 66.5
-104.5 62.5
149 -26.5
151.5 -29.5
-121 38.5
134.5 58
122 10.5
140 -4
-7.5 38
9.5 -0.5
25.5 1.5
13 65
-108.5 28
135 49
150 -24.5
10.5 -0.5
51 64.5
-3.5 55.5
18 46
94.5 56.5
126 7
149.5 -27
44.5 41.5
148 66.5
26.5 46
-59 54
44.5 54.5
96.5 56
132 49
119.5 -0.5
65.5 58
-56.5 51
-5.5 57.5
97 63
-101.5 56.5
-84 11.5
7.5 61
-106.5 59
15.5 56
-64 51
-4.5 56.5
109.5 23.5
151 61
12.5 62.5
26.5 63
51.5 57.5
21.5 49
21.5 62.5
135.5 51.5
111 65.5
66 66
40.5 62.5
-83.5 30
125.5 39
12 62
-133 61.5
115 28.5
53.5 62.5
126.5 63
-121 60
67 60.5
41 65.5
116 28
83 57.5
42.5 55
38.5 -12.5
-60.5 50.5
-115 63
-147.5 66
-127 49.5
90 24
106 29.5
-158 65
-73 -52.5
176.5 -38.5
107 14
60.5 64.5
-115.5 56.5
78.5 58.5
105.5 26
124 6.5
35 56
109.5 26
142 44.5
94 63
61 63
128 46
113.5 36
117 31
-83 40.5
157.5 65
-87 51
105 62
-127 68
73.5 61
-74 51
122.5 51
125.5 56.5
-69.5 47.5
111 52.5
109 29
-83.5 33
109 35
115 26.5
-40 -16
18.5 49.5
138 -5
34.5 6.5
123.5 55
116 31
112.5 28.5
-140.5 63
-76.5 2
102.5 52
-126 68
121 67
-148.5 67
96 21
103 33
-6.5 43
106 60.5
19 3
130.5 50
-2.5 6.5
-9 5.5
118.5 9.5
25 67.5
84 63.5
147.5 61.5
106 70
-74.5 -9
53 67
47 59.5
120 55
13.5 46
165 67.5
-63.5 49.5
-66 52
166.5 64
36 53.5
38.5 53
99.5 27
88 57
112 35.5
79.5 47
18 54.5
150 63.5
92 54.5
-4 52
18 42.5
24 62.5
128 44
89.5 53.5
24.5 49.5
33 68
12.5 64
-64.5 -7
151 66.5
97 28.5
36 8.5
-62 -6
24.5 44.5
109.5 25.5
-57 1
111 37
78 32
121.5 14
-2 46.5
110 23
-57 -4.5
-66.5 -18
116.5 27.5
114 68.5
111 32.5
108 11
102 0.5
-158 63.5
-8.5 42.5
110.5 29.5
114 27.5
51 56.5
25 -0.5
87.5 51
109 57
101 71
-59.5 -7
45.5 53
127 64
-115.5 51
78.5 62.5
-124 58
13 4.5
152.5 66.5
112.5 65
109 24.5
155.5 65
-7 52.5
142 48.5
-76.5 0
120.5 59
111 64.5
107.5 48.5
119.5 41
-90 44
0 42.5
15.5 2
-113.5 58.5
125.5 56
131 48
-66 -10
145 -5
28 39.5
-78.5 -4
2.5 44
-132 59.5
98 55.5
115.5 38.5
37 63
98 55
112 56.5
19 65.5
27 50.5
157.5 67
-64 49.5
108 30
127.5 44
-68 55
114 56
22.5 53
103 60.5
119 25.5
16 1.5
86 67.5
-81 40.5
-80 37.5
-153.5 64
121 32
118 70.5
95.5 28
-62 -7
69 56.5
-96.5 51
97 55.5
37.5 58
25 50.5
-72.5 0
14 48
98.5 66
27 56.5
55 64
-61 46
128 49.5
63 64
-95.5 50
135 58.5
41.5 58.5
103.5 60
29 62
-56 4.5
122.5 -5
132.5 -3.5
-55 3.5
138 49.5
13.5 57
-103 18
-64.5 -22
147 -26
-88 55.5
-114 59.5
35 41
-113 61
-77.5 52.5
129 43.5
-132.5 67
-67.5 -2
131.5 48
-75 -2.5
111 25
-82.5 42.5
69.5 56.5
-81 7.5
-63.5 -8.5
-64 -6
-115 52.5
118 62.5
-120.5 52.5
121.5 45.5
126 54
-74.5 -1
138.5 58
-68 -8
11.5 48
17 67
146.5 66.5
129.5 53
165.5 63.5
-100.5 58.5
108.5 55.5
-92.5 54
-127 65.5
99.5 52.5
-47.5 -3
59.5 64
88 66.5
107 22
147.5 -36
5 5.5
2 47.5
-58.5 -6.5
116.5 57.5
133 68
87.5 66.5
-64.5 -9.5
134.5 67.5
8 51.5
-140 63
-122.5 43
-111.5 59
114.5 35
-74 45.5
102 20
35.5 10
61 57.5
-73.5 -11.5
-107 56.5
61.5 61.5
100.5 60
119.5 68
-87.5 15
-78.5 50.5
27 -5.5
114 25
30 -30.5
10.5 53
110 62.5
-70 -3
124 57.5
114.5 60
101 25.5
113.5 3.5
133 58.5
-128 59.5
116.5 4.5
111.5 28
125 48.5
139.5 -5.5
108.5 55
-116.5 47.5
121.5 57.5
-2.5 54
124 65.5
-51.5 -5.5
-94.5 32
126 49
96 19.5
172.5 -42
140.5 59.5
25 0.5
100 56
129.5 50
165.5 67.5
87 54
104 53
116.5 61
14.5 -6.5
40 59.5
117 39.5
38.5 60
42.5 64
148.5 62
80 60
105.5 53
30.5 37
99 12.5
74 63
16 63
-57 -7
-91.5 34
157.5 65.5
-74 -8.5
-80 49
118 9
121 58.5
139 51
95.5 4.5
5.5 6.5
97.5 23
132.5 59.5
-136 61
166 63
113 35
-68 47.5
-110.5 58
104 20
156.5 66.5
-59.5 -1
110 61.5
-117 48.5
113 38
157 62.5
105.5 53.5
-128 53
113.5 54
131 67
157.5 64
107 28
108 62
-66.5 -19
-94 55
19.5 53.5
55.5 57
126.5 68.5
85.5 58.5
45 65
146 -42.5
148.5 63.5
10.5 43.5
124.5 59
133 45
106 27.5
-70 48.5
57 55
127.5 50.5
101.5 63.5
125.5 51.5
-106 23
126.5 50.5
49.5 61.5
123 55
144.5 67.5
-61.5 7.5
27 64.5
102 65
114.5 51
36 63
-116 49.5
99 0.5
42 57
110.5 60
55.5 66.5
47 64
25 44
31.5 58.5
89.5 58.5
116.5 32.5
153.5 66.5
-94.5 45.5
132.5 51.5
-50.5 -3.5
119.5 31
-62 8.5
15 62.5
-120 53
80 58.5
120.5 24
-69.5 -2.5
103 -1
-68.5 -6.5
-76 -8
66.5 57
-58.5 47.5
109.5 21.5
24.5 60.5
-72.5 -5
-89.5 17
133 49
101 3.5
114 4
91 64
106 30.5
26.5 49
79 62.5
129 59.5
123.5 49
-75 52
130.5 45
165 66
-116 60.5
92.5 28
25 57.5
150.5 60.5
60 61
58.5 62
19 4.5
-64 54.5
100.5 53
-74 4.5
24.5 59
-88 37
-68.5 -0.5
152.5 69
24 -2
98.5 3
93 20.5
141 40
-116 46
37 57
-138.5 63
-108.5 33
65 64
-72 -4
8 55.5
144 -6.5
97 4
77.5 64
28.5 68
-50 -2.5
-55.5 49
-10 52
-67.5 2
125 6
132 54
99 16
127.5 50
85 66.5
44.5 60.5
116.5 31.5
127 40.5
49.5 54.5
-66 -20
141.5 -6.5
-62.5 -14
128.5 59.5
75.5 59.5
-124.5 64.5
-104.5 62
-82 29
150.5 61.5
138.5 59
12 57.5
124.5 11
24 56.5
-92 15
129.5 50.5
19 -3
22.5 1.5
104 69
153 64
87.5 53
39 58
74.5 34
104.5 22
93 56.5
95 64
127 61
163 67
32.5 57
114 61
-70.5 56.5
21 56.5
-54.5 -4.5
116 23
29 60
29.5 62.5
-77 0.5
22 -4.5
-51.5 -2.5
23 55
-84.5 39
109 31.5
89.5 65
38.5 62
-70 56.5
46.5 65
-55 -4
25 66.5
-77 36.5
-80 35.5
-117 51
40.5 61.5
-73.5 -6.5
99 7.5
89 53
131 52.5
24.5 50.5
120.5 64.5
103 64.5
118.5 61.5
75.5 61
31 50
121.5 50
29 54.5
26 45.5
66 62.5
-130 61
11.5 53.5
139.5 50
110.5 -1
101 21
83 63
12.5 2.5
-85 39
83 63.5
-63.5 -4.5
99.5 55.5
174.5 -39
25.5 66.5
24 51
99 25.5
140 40.5
27.5 -1.5
131.5 44
5.5 61
12.5 62
136 67
127.5 58
141.5 42.5
120 63.5
128 53.5
104.5 72
16.5 2
-91 46
60 62.5
-46 -3
112.5 59
120 59
-68.5 47
-127.5 58.5
31.5 63
121.5 51
23 54.5
-92.5 33
121.5 56
111.5 59.5
-73 -8.5
157.5 66.5
92 58.5
107 68
15.5 43.5
20 41.5
29.5 69.5
-54 0.5
-4.5 55.5
112.5 30
66.5 63
30.5 59.5
34 55.5
28 52
-128 63.5
29.5 60
115 65.5
106 16
100 52
135 58
103.5 64
-124.5 65
-57 52
149 66.5
28.5 -5.5
120 47.5
-70.5 45
-64.5 -7.5
102.5 16
118.5 29.5
13.5 48
79 66
-93.5 18
-107 26.5
84 54.5
-48.5 -6.5
73.5 17
100 27
160 57.5
-57 -4
-87.5 34.5
113.5 64
23 46.5
108.5 49.5
-76 -10.5
41.5 54.5
49.5 63
102.5 65
-64.5 -20
76 65
-65 -2.5
116 66
104.5 53
-122 51
105 66.5
-126 52.5
-80.5 38
153 67
92 63
39.5 62.5
111.5 35
84 64.5
130.5 47.5
52 57
7.5 4.5
76.5 10
-71 -12.5
-63 1
142.5 68
23.5 51
-57 50
91.5 60.5
142.5 49
94.5 20.5
108.5 52.5
100.5 67
-102.5 62.5
-63.5 53
16.5 49.5
103.5 66
138.5 51.5
50.5 56
-142.5 66.5
71 56.5
10 3.5
33 66
135.5 60
92 62.5
-59 -8.5
-80.5 8.5
11 59.5
162.5 68
-122 48
23.5 43
136.5 62.5
110.5 0.5
-118 52.5
-61 -6.5
37 62
118 39
-142 66.5
17.5 65.5
98.5 27.5
-136 62
126.5 37.5
66.5 61
17 -3
-74.5 55
97.5 28
23 66.5
-76 -2.5
108 27.5
-1.5 52
70 56.5
-70 -55
-78 35
102.5 20
130 56
101 54.5
22 68.5
-54 -12.5
126 62.5
-54.5 3.5
-96.5 59.5
14.5 56.5
114.5 71
50.5 62.5
23 48.5
107 61
118 66.5
-110.5 63.5
101 13
27.5 62
130 56.5
-72.5 50
-95.5 52
-129 60
-74 54
-48.5 -25
-115 65
33 53
106.5 66
35 -18.5
18.5 67
-84 10
-83.5 51
15 41.5
91 63
-72 -12
-59 -3.5
63.5 62.5
-65 -9.5
27 58
-2.5 55
132.5 44.5
-60.5 0
123.5 67.5
-156.5 64
62 63.5
35.5 56
143.5 -6
74 61.5
7.5 47
33 36
-121.5 64
-63 55.5
110.5 36.5
79 55.5
100 60.5
119.5 33
26 -3
70.5 60.5
166.5 63.5
-75.5 -10
127.5 49
18 1.5
-60 -8.5
-82.5 36
101.5 31.5
114.5 25
159.5 54
-123 51
94.5 60
106 62.5
106.5 32.5
76.5 8.5
-75.5 42
149 63.5
-93.5 34.5
37.5 61
-93.5 33
43 54
-56.5 48.5
-40.5 -19
114.5 25.5
125 53
126 62
144.5 63.5
-48 -1
153 61.5
-132 66
159 53
82 55.5
108 24.5
173.5 -35.5
-91 52
40 63.5
-61 -32
135 59
-110 63
10.5 45.5
35.5 60.5
53.5 63.5
20 2
100 57.5
58 64.5
120.5 65.5
29 49
94.5 57.5
-60.5 -11
19.5 -7.5
44.5 41
133 53.5
13.5 -1.5
-70.5 19
-79.5 50.5
-57.5 47.5
94.5 17
175.5 -39.5
-144 66
102 31.5
111 34.5
0 7.5
-143.5 67.5
116 59
112.5 71
111 34
18.5 44.5
120 70
147 -27.5
118 69.5
-63.5 5
28 53
40 43.5
-141 64.5
-75.5 -7.5
-75.5 44.5
-68 -5
129 47.5
23.5 44.5
-65.5 -8.5
-75 5.5
-60.5 -5.5
77.5 56
168 -44.5
121 52
-82 30
-81.5 35
-87.5 50.5
135 53
95 61.5
-65.5 -25
-90 48
103.5 67
8 51
105.5 -4
6 49
115.5 64.5
114.5 51.5
-72 19.5
4.5 52.5
93 28
11 -2.5
116 39
110.5 63.5
115 -1
84 51.5
132.5 67.5
15 44
42 59.5
21.5 2
24.5 60
26.5 55
112.5 -3
-78.5 38.5
130 33
-71.5 51
13 46
-88.5 14
7 43.5
109 23
123 68.5
102 64.5
49.5 60
-91.5 55.5
-3 55.5
18.5 65.5
31.5 3
-2.5 50.5
16 3
-105 56.5
127 51
-81.5 36
137.5 47.5
-152 67
-142 66
-108.5 54.5
17.5 45.5
133 42.5
-133 67
108.5 58.5
164 66.5
-135.5 57.5
158 55
25 41
-83 54
72.5 59
120 23.5
119.5 54.5
146 -37
32.5 58.5
-66.5 2
-2.5 47.5
133 50.5
160 68
108 48
27.5 66.5
104.5 19
-131.5 59
-54.5 -3
103 4
-70.5 46.5
87.5 53.5
-83.5 29.5
-74.5 40
119.5 -2
72.5 64.5
100 22.5
96.5 16.5
-91.5 54.5
-64 -19
55 57.5
-94.5 56
43 55
146 59
22.5 1
77 56.5
73.5 65.5
-108 59.5
-62.5 -3
1 42.5
137.5 60.5
15.5 64.5
-84.5 41.5
-61.5 8
8 52
43 56
-117.5 57.5
100.5 25
18.5 52
12.5 58
-148.5 67.5
142.5 43
97 61
-70 54.5
114.5 3.5
140 40
-64.5 -0.5
43.5 57.5
-95.5 53
83 66.5
16 38.5
50 -16
13.5 0
65 64.5
117.5 66
6 48
112 26
113.5 32.5
36.5 57.5
-77.5 1
-151 64
102 56.5
-67 50
-75 -4
27.5 56.5
64.5 61
115 24.5
-129.5 66.5
-75 -8
103.5 58.5
146.5 68
22 53.5
120 28
-61 1.5
-93 49
92.5 23
117.5 5.5
-121.5 51
-65 -12
-116 45
-102 55
22.5 50
-71.5 48
108 32.5
-109 63
105 14
64 61
2 48
3 48.5
100 21
44 65.5
-59.5 -10.5
-135.5 66
131.5 46
-67.5 -9.5
115.5 62
4.5 46.5
23.5 0.5
16 49.5
-74.5 -45.5
51 61.5
86.5 66
-72 -15
127.5 61.5
-88 45.5
32.5 59
53 56.5
117 59.5
107 56.5
99.5 21
-71.5 -38.5
36.5 41
14.5 50.5
-77 7.5
121 62.5
95.5 16.5
148 62.5
-71 -9
12.5 -2.5
97 25.5
120 31.5
2 46.5
108.5 34
-97 54.5
-111 42
-81 51.5
-49 -6.5
-80 43
17.5 50.5
69 63
31.5 58
113 32
-95 47
-78 48.5
114.5 1.5
-59 3.5
110 -7.5
98.5 64
100 53.5
119.5 67.5
169.5 63
-78.5 -7
99 21.5
112.5 68
-3 40.5
-55.5 -8
136.5 45.5
95.5 30.5
-108 53.5
97.5 25
-90 29.5
-63 55
-148 67.5
24 49
12.5 61.5
-74 -46.5
138 -3
41 61
175.5 -41.5
-53 -4
129 46.5
26 57.5
40 60
148.5 -26.5
102 28
111 2
-1.5 5
-59.5 -7.5
39 58.5
-73.5 50.5
-128.5 64
-105.5 60.5
-59 0
147.5 -37
93.5 25.5
-122 50
-116.5 58.5
-103.5 59
92 56.5
107 31
12 59
-155 66
15 53
86 27
-65.5 4
111 23
-142 63
-115.5 45
98 26.5
35 -1
-3.5 5
95.5 54.5
-72 -8
124 61.5
-63.5 45
83.5 55.5
-85 38.5
-66.5 48
87.5 27.5
-1.5 40
140 42
126 40
-76 -3
-108 61.5
9 47
168.5 -45
104 24
86.5 57.5
84 67
19.5 52.5
-115.5 54
77.5 65
150 -28
100.5 58
120.5 14
122.5 71
-82 52
82 60.5
82.5 28.5
134.5 58.5
-75 47.5
31 68.5
20.5 65
91.5 27.5
-74 43.5
115 71
23 0
10.5 47.5
-112.5 46.5
21.5 1.5
52 63
50 60.5
129.5 49.5
133 46
105 -5
26.5 58
-107.5 38
103 50
-108 53
80.5 51.5
90 59
152.5 -26
25.5 52.5
67 56
140 70
-107.5 29.5
-56 -4
111.5 40.5
108.5 12
23 -0.5
-78.5 0.5
151.5 64.5
9.5 49
-72 -11.5
-55.5 -6
119.5 -1
176 -41
58 65.5
-131.5 65.5
-39.5 -17.5
106 28
-82 50.5
-4 56.5
-117.5 45
-86.5 52
113.5 29
-119 57
-116.5 50.5
109.5 33.5
119 29
124 54
117 67.5
67.5 57
148 67.5
128.5 35.5
-128 50
-91.5 49
-119.5 37.5
-123 43
108.5 52
118.5 36.5
-8 6.5
-147 67
-53.5 -12.5
26 66.5
35.5 63
125 53.5
-85.5 40.5
79.5 29
54 61
33.5 56
47 41
14.5 -5
-62.5 2
-59.5 -1.5
119.5 68.5
122 58.5
-60.5 -7
-72 53.5
51.5 62.5
139 -6
31.5 55.5
46 61
13 51
-74.5 -49.5
17.5 68
120 60.5
82.5 58
122 58
95 57
114.5 65.5
-104 56
126.5 39.5
55.5 59.5
22 66.5
123.5 8
-75.5 48.5
-88 30.5
119.5 57
-93 31
152.5 66
30 68.5
125.5 39.5
35 56.5
54 62
-49 -26
11 -1.5
148 -42
6.5 45.5
-8.5 40
113.5 24.5
49 -15
146 66.5
167 -46
161 64
-90 31.5
-121.5 58.5
13.5 50
161.5 65
85.5 61.5
-107 25
8 56
102.5 26.5
-64 -1.5
41.5 66
125 50
-64 -5.5
-63.5 44.5
97 60.5
116 53
23.5 53
140.5 -6.5
109.5 55
-51.5 -5
90 58.5
88 55
-79 44
99 55.5
12.5 59
-69.5 -3.5
115.5 1.5
-66.5 -0.5
-90.5 37
-56.5 52.5
24.5 53
107 23
-83 9
114.5 55.5
11.5 -4
88 27
115 0.5
-73.5 -52.5
22.5 4
-72 45.5
161.5 68.5
21.5 54
31 49.5
-74.5 -2
103.5 22
-95.5 51.5
-120 52.5
-96 57
109.5 68
-59.5 4.5
11 45.5
92.5 27.5
37 58
29.5 -31.5
105.5 -5.5
88.5 64
138 -8
-105 61
28.5 41
-115.5 64.5
37.5 66
56.5 63.5
112.5 -3.5
121.5 58
147 -27
140.5 37
59.5 61
107 63.5
-58.5 5.5
21.5 50
12 51.5
-155.5 66
104 60
-82.5 28.5
-123.5 60
132.5 60
29 49.5
116.5 5
-74 43
121.5 70
-88 32
-73 -42
149 -37.5
7.5 60.5
121.5 48
176 -40.5
82.5 58.5
-67.5 47.5
-72 -6.5
107 24.5
71 65
98 65
54.5 61.5
-77.5 47
75.5 56
42 63.5
-56 1.5
104.5 25.5
109 22.5
-70 -11.5
-109.5 55.5
-72.5 -53
121 63
119 44
64 62
51 61
80.5 6
109.5 67
-110 33.5
-149.5 60
57.5 52.5
137.5 53
114 63
-73 8.5
115.5 38
128.5 44.5
-71.5 -5.5
-122 63.5
101 57.5
102 68
88.5 54.5
-121 58
-7.5 6
98.5 20
30 2
13 54
-71 -14.5
-125 52.5
9.5 -1.5
33 40
133.5 67
-123.5 58
-9 42
38 13
-75 -6
-91 31
-108 44.5
5 44
-51 -1
15.5 61.5
-85 40.5
-91.5 50
58 59
115.5 31
-120.5 52
58.5 58.5
104.5 -4.5
64.5 56.5
-93 32.5
129 41.5
104.5 -4
-157 60.5
159 67
123 63.5
108 65.5
30 62
-71 -7
131.5 54
154.5 63.5
26.5 57.5
115.5 27.5
-97 55.5
32.5 60
89.5 61
66 57.5
57.5 53.5
109 66
79.5 65
101.5 59
12 0
104.5 62
22 67
-52 -3
131 32.5
13.5 42.5
75.5 13.5
56.5 57.5
-85 51
-74.5 41
103.5 62
158 57
107 26
-61 52.5
39.5 43.5
-89.5 31
28.5 -1.5
27.5 48.5
39.5 63.5
109 31
-92 53.5
124.5 61.5
123.5 62
90.5 56.5
-131 60.5
120 47
13 47
-99 58.5
23 2
132.5 49
-55.5 5
138.5 48
-74.5 8
-49 -3
53.5 54
86 60
28 49
-71.5 1
102.5 28
1.5 47
-109 53.5
104 69.5
111 60.5
25 60.5
136 48
117.5 32
119 52
39.5 54
-136.5 58
-158.5 62
-93.5 31.5
15.5 49.5
136.5 56
-137 62.5
27 54.5
65.5 59
162 68
13 -1
14 3
84.5 59
43 58.5
39.5 44.5
-66 -0.5
-76.5 53
84.5 65.5
-53.5 -4.5
-94.5 45
149 -10.5
121 66.5
128 63.5
107.5 55
-163 64.5
96 16.5
149.5 63.5
16 50
24 52
124 69
22.5 43.5
104.5 57.5
117 -35
83.5 63.5
23.5 62
101.5 15
-83 39.5
32.5 65
101.5 67
122.5 54.5
-5 6.5
106 69
153.5 62.5
19.5 -2
76.5 58.5
-9.5 8
126 38
-69 1
112.5 54.5
133.5 49
81 64
28.5 65.5
-59 -12
-76.5 45
-81 37
125 39.5
28 3
112 50
-62.5 -10
-76 48.5
37.5 9.5
-78 51.5
100.5 60.5
122 61.5
97.5 53.5
160.5 58.5
44.5 58.5
98 20.5
15.5 63
89 68
122 39.5
-79 36.5
82 56.5
-60 5.5
104 54.5
17.5 44
8.5 4.5
-90 50.5
-86 42.5
-92 33
123.5 62.5
-83.5 46.5
121.5 60.5
105 23.5
-129.5 67
54.5 62
54.5 60
75 13.5
-49 -4
95 60
96.5 55.5
92.5 63
80.5 65
137.5 56
90.5 26.5
118.5 58.5
75 56.5
117.5 8.5
-82 8.5
-72 -5.5
114 39.5
12 46.5
-7 41
155 67
113 51
28.5 49
-88.5 13
-72 -7
90 61.5
111 27.5
6.5 50
115.5 1
164 64
-84 9
-81.5 39
1 42
56.5 53.5
109.5 29
-127 66.5
117.5 29
-40 -19
125 64.5
101.5 28.5
40.5 60
161.5 63.5
-94 55.5
-98 58.5
107.5 30.5
5 49.5
-54 48
93.5 21
-96 32
174.5 -36.5
-58.5 -4.5
-72 43.5
109 22
164 61.5
18 44.5
32 53
-73.5 -12
130 47.5
16.5 65
114.5 66.5
-151 65
-54 -6
-62 3
28 65.5
138.5 -2.5
39 56
21 -3
133.5 43
101.5 22
-70 -6.5
-69.5 55
102.5 2.5
88 56.5
-140.5 68
-71 51.5
142.5 54
-52.5 -6.5
21 -1
-115 53
-131 58.5
131 61.5
123 12
-95.5 17
-73.5 -13
119.5 58
147 -8
136.5 -3
129 41
-151.5 60
90.5 22.5
-104 60
22 40.5
156.5 54
16.5 64.5
147.5 -35.5
17.5 64.5
97 51.5
-65 -19.5
56.5 66.5
128.5 49.5
87 60
121 29.5
118 64.5
-92.5 45
130.5 -4
38 59.5
-71 0
93 51.5
118.5 40.5
0 44.5
-54.5 -10
-107 37.5
99.5 51.5
29 63
-136.5 60.5
26 0
102 33
-129 65
-69.5 -13.5
22.5 36.5
21.5 68.5
28 66.5
-53.5 -5
104.5 31.5
103.5 65
85 61.5
-121 47.5
-142 63.5
-65.5 -40
104 58.5
42 58.5
126.5 51.5
-83 42
3 51
2.5 43.5
65.5 58.5
67 65
-109.5 58.5
116 37.5
20.5 66
-59.5 6.5
-86 52.5
116 5.5
96.5 28.5
136.5 48
-65.5 56
-69 -12.5
126.5 44
-124.5 60.5
-114.5 56.5
-53.5 -27.5
-68 0.5
112.5 24.5
133 51
88 54
104.5 25
135.5 51
164.5 66.5
124.5 60.5
157 55.5
35 7.5
33.5 55
93.5 63
-113 47
-55 -4.5
117 2.5
31 55
139 -8
-116.5 66.5
-79 47
55 66
87 64.5
23 62.5
130.5 59.5
132 50.5
26.5 48.5
-57 -8
-130 55
22.5 41
23 1
111.5 59
56 63.5
128 46.5
107.5 23.5
-73 -53.5
144 62.5
126.5 54.5
50.5 58.5
21.5 69
133 55.5
153.5 64.5
22.5 2
3 48
16 2
111.5 51
126 55
127 36.5
-62.5 4
71.5 60.5
117 25.5
132.5 49.5
122 57.5
17 4
116.5 30
-81.5 48
102.5 55.5
98.5 13.5
54.5 63
7 44
119 -3
-67.5 54.5
19.5 69
-60.5 -14.5
107 -6.5
-105.5 24
117 53.5
118 53.5
118 57
93.5 20
11.5 47.5
101 32
-71.5 -4
16 49
125 51.5
136.5 49.5
12 50
-68.5 0.5
-108.5 35
17.5 53.5
117.5 51.5
79 29.5
10.5 47
88 64.5
-149.5 67
148.5 61
-109 26.5
110.5 52
-57 -10
145.5 -18
108.5 59.5
20 -3
-70.5 -16
62.5 61
-64 -5
120 54.5
25.5 58
138 35.5
37.5 55.5
92.5 62.5
103 58
115.5 41
-74 -45.5
-76.5 -3.5
-67.5 56.5
25.5 3.5
143 66.5
122 7.5
108.5 33.5
134.5 44
62.5 63.5
100.5 62
-75.5 -48.5
42 65.5
115 55.5
-61 -11.5
116.5 35
-72.5 0.5
151.5 62.5
18 40
24 67.5
-107.5 54
98 27.5
123 54.5
105.5 24.5
26.5 54.5
67.5 66.5
92.5 57
120.5 66
-138 66.5
132 59
116.5 29
112 27
-66.5 -3.5
-79.5 -0.5
-67 -6
109.5 19.5
77 64.5
1 49
112.5 -2.5
84 54
114 -1
-11 7.5
102 52.5
-89.5 37.5
30.5 63
-74.5 40.5
1.5 50
25 57
22.5 62.5
62 61
-47 -3.5
104 25.5
13 -0.5
89 61.5
57 58
34 41.5
-95.5 55
-85.5 35
39.5 62
141 60
102.5 62
27 46
19 54
-119.5 54.5
23 1.5
124 63
116.5 40.5
129.5 61.5
22 57
150 -33.5
35 57
-120 64.5
104.5 67.5
-77.5 35.5
133.5 68
23 55.5
39 59
102.5 54.5
108.5 28.5
-107.5 26.5
132 63
-10 5.5
166 -22
-86 35.5
113.5 33.5
-73.5 43
54 60.5
126.5 36
-68 2
-63.5 -9
25.5 67.5
129 51
-64.5 0.5
27.5 46.5
93 59
104.5 -2.5
-82.5 31.5
115 -2.5
114.5 30.5
54.5 64.5
86.5 66.5
112.5 64.5
88.5 62
60 56
118.5 59
143 46.5
-81.5 51.5
6.5 47
5 7
-1.5 6
54 66
28 50
-79.5 34
98.5 17.5
44 59
5.5 51
25 -2.5
85 57
24.5 42.5
103.5 58
92 51.5
-74 55.5
-72.5 41.5
-62 50
-64.5 -16
145.5 -38
56.5 58
28.5 -3.5
-157.5 62
117.5 41.5
130 66
26.5 50
136 50
51 64
93.5 55.5
-92.5 47
4.5 47.5
54 64
-77 -8.5
103 26.5
23.5 -1.5
55 63.5
26.5 43
-159.5 61
-107 37
130.5 54
30.5 62
83 61
131.5 43.5
20.5 69
118.5 57
6 52.5
62 58
98 22
97 17.5
137 65
-76 52.5
100 28.5
-133.5 67
144.5 60
29 58
102.5 50.5
-111 42.5
-68 -16.5
30.5 49
163 67.5
48 58.5
125.5 61
170 62.5
145.5 67.5
129.5 66.5
89 65.5
81 45.5
-70 50
-55 -6
109 50
10.5 60.5
166 64
35 60
65.5 59.5
-119 59.5
24.5 -3.5
94.5 61.5
41.5 63.5
26.5 -2
15.5 67
-107 58.5
32.5 68.5
88 54.5
26 60.5
-123.5 39.5
132.5 62.5
110.5 31.5
25.5 0.5
14.5 1
30.5 58
134 55
95.5 16
120 -4
10.5 -3.5
-144.5 65.5
-52 -4.5
162.5 65
22 67.5
-125.5 65
-57 -3
103.5 61
100 51.5
-67 46
150 -28.5
117.5 63
-3 54
16.5 39
137 46.5
-97 57.5
52.5 65.5
126.5 50
-57 48.5
105 24.5
-5 58
101.5 68
-68.5 -16
4 51.5
27 50
111.5 2
132.5 53
162 57.5
41 61.5
-84 46.5
112.5 31
64 61.5
-73 -40
-69.5 -18
148 -36.5
132 61.5
60 57.5
132.5 48.5
54 58
-142.5 65
-76 0
140 -6.5
46.5 61.5
58.5 57
144.5 -7
150.5 62.5
117.5 36.5
26 54.5
112 60
-116 50
-101 54
116.5 64.5
-79 41
113.5 23
-69.5 49
-79.5 37
158.5 55.5
-84 39
108 11.5
15 57
84.5 51.5
176 -40
122.5 49
-124.5 48.5
-93.5 52
-105.5 56.5
125.5 43
98.5 25
150 -10.5
56 63
143 -13
116.5 53
-120.5 64.5
99 60
66 65.5
-115 55
149.5 67
99 57.5
-9 7
-76.5 44
22.5 -3.5
-104.5 54.5
116.5 37.5
76 61
63.5 60
118 51.5
22.5 55.5
-69.5 47
121 65
26.5 65
-72 -6
111.5 29
-62.5 5.5
7 59
44.5 43
31.5 67
-121 64
104 23.5
138 57
-96.5 58.5
128 47.5
117.5 64
52.5 63.5
-59.5 -33.5
79 56
97.5 19
46.5 64
94 60
-78 2.5
-155.5 60.5
-79 53
83 59.5
105 54
-71 -9.5
-148 65
-77.5 45
-62 -3
69.5 64
147.5 -22
39.5 63
-84.5 32.5
-107 56
-66.5 -7.5
141.5 43
-120.5 55
23.5 42.5
25 42
109.5 61
24.5 -4.5
14.5 1.5
131.5 59.5
129 54
79.5 57.5
116 40
-72.5 -3.5
83.5 56.5
104 25
150 -34.5
60.5 60.5
108 29
20 64
78 30
106 61
-116 59.5
-137 61
26.5 59
115.5 66.5
-74 -11
93 63
41 55.5
39.5 52.5
9.5 62
-91.5 49.5
16 43.5
122.5 68.5
141 63.5
105.5 28
105 64.5
22.5 -6
-106 53.5
125.5 67.5
-109 60
111 50
-93.5 55.5
123 62
107.5 62.5
89 64
107.5 10.5
-52.5 3.5
164.5 61
86 55.5
24.5 -5.5
127.5 62
93.5 62.5
-128.5 67.5
25.5 55.5
-73 -43.5
119 68
-75 49.5
114 39
57.5 54
118.5 35.5
9 60
-100.5 54.5
114.5 -0.5
103.5 25
141.5 59
152 -25
58.5 56
149 59.5
-95.5 57
28 66
113 29
131 60
106.5 60.5
11.5 62.5
94 18.5
69.5 60.5
134 52.5
108 32
159.5 65.5
27 62.5
112 31
118 68.5
97.5 54
93 60
73 62.5
-70.5 44.5
121.5 -4
119.5 29.5
118 65
111 24.5
89 55
-87.5 55.5
22.5 67
29 1.5
149.5 65
81 62
-125 48.5
116.5 59
-108.5 29.5
12 -1
-81.5 48.5
150.5 68.5
127 39.5
26.5 52
11.5 63.5
-8.5 43
67.5 64.5
-125 68.5
60.5 56.5
140 50.5
-53.5 -13.5
-98.5 19.5
-84 50.5
27.5 1
-68 -10.5
35.5 64
95 52
60.5 65.5
69.5 59.5
24.5 46.5
151.5 62
-91 42
-146.5 64
88 25
-142.5 66
119 55
124 7
52 61
-78 2
126 8
51.5 60
-49 -28.5
-86.5 39
-71.5 43.5
19.5 -4.5
138 53
5 6.5
137 49.5
107.5 63
16 63.5
92.5 65.5
111 49
110 58
30.5 53
112 -3.5
-95 34.5
17 -4
46.5 63
98.5 27
142 59
46 60
58.5 65.5
-78 40
143 -4
-63 45
4 49
-114.5 55.5
80.5 55.5
118 54
-107.5 44.5
112.5 70
97 58
38.5 64
106.5 32
21 -5.5
148 -35.5
-109 28
49.5 -16.5
-76.5 48.5
46.5 59.5
101 12.5
14.5 48.5
-2.5 54.5
112.5 57.5
26 58
21.5 -1.5
15 2.5
100 25.5
110 68.5
29 57.5
64.5 66
2.5 49.5
167 66
165.5 60.5
-60 -7
24 61
115.5 2
2 42.5
48.5 59.5
158.5 57
111 -1
-57.5 0
-67.5 -0.5
23 42
-61.5 10
-92.5 37.5
36 56
-57.5 -0.5
132 -1
143.5 -6.5
105 29
109.5 31.5
-74.5 1
80.5 8.5
26 2
21 -4.5
22 2.5
-121.5 51.5
140.5 42.5
-3.5 7
130.5 63
109.5 22
97.5 26.5
75.5 63
64 58
-67 1.5
19 51.5
38.5 66
-76 -1.5
95.5 53
58.5 58
52 64.5
126 43
39.5 53.5
116.5 70
101.5 51.5
-117.5 56.5
-123.5 52
-52 1
68 57.5
116.5 25
49.5 55.5
-7 5
47.5 56.5
114 29
108 49.5
92.5 66
84 65
-65.5 47
-65.5 56.5
27 -1.5
76 32.5
15.5 67.5
112 30.5
-91.5 35.5
-72.5 -7
78 56.5
60.5 59.5
98 14
-102.5 19
101 0.5
130.5 43
30.5 60
46 58.5
-65.5 3.5
9.5 45.5
121.5 16
21.5 55.5
129 45
-123 38.5
148 -9.5
118 28.5
114.5 62
3.5 49.5
-117.5 55.5
130.5 51.5
-9 42.5
36 37.5
22.5 -5
91.5 62
111 49.5
30 -31
-72 1
132.5 -2.5
118.5 54
34 40.5
107.5 26.5
140.5 59
90 67
72.5 60.5
102 27
46 54
-74.5 -7.5
104.5 61.5
73.5 66
34 58.5
29 57
125 49.5
-115.5 47
25.5 65.5
87 60.5
95.5 62
125.5 41.5
18 44
-66.5 57
31 68
75.5 62
-156.5 65
28.5 0
-59 -34.5
-63.5 -1
115 64.5
-71.5 -1
-1 6
55 66.5
29 37
90 64.5
-69.5 51
-111.5 60.5
14.5 63.5
45 63.5
127.5 59
134 -7
-74 -50.5
76.5 59.5
33 36.5
37.5 59
157 56
149.5 68
137.5 58.5
134 65
9 62.5
100.5 64.5
-152.5 67
118.5 51
149.5 62.5
107.5 -6.5
-73.5 -39
111 58.5
140 41.5
-4 51.5
-117 62
102 59
69 61
62.5 59.5
75.5 14
60 62
149 63
113 29.5
-134.5 68
87.5 62
6.5 60
96.5 58.5
87 22.5
-78.5 41
-92 54.5
36 52
98 66
106 54.5
135 62.5
-59.5 50.5
14.5 61
57 53
25.5 65
113.5 64.5
4.5 45.5
128.5 62.5
145.5 69
26.5 40
103.5 70
112 0
112 58.5
106.5 56
142 -4
-75.5 -6
23 53
25 53
107.5 68.5
107 68.5
112 27.5
96.5 51.5
-84 54
-78 42.5
95 55
-78.5 46.5
-77 1.5
57.5 56.5
111.5 68
85.5 61
136 56.5
20.5 0.5
141 -5
-114.5 57.5
116.5 61.5
117 3.5
14.5 0.5
38 44.5
20.5 66.5
29 67
126 58.5
135 67
88.5 52.5
10 45.5
158.5 68
152 -28
134 63
33.5 36
20.5 -0.5
-83.5 46
-70.5 -13.5
96.5 4
-53.5 1.5
105.5 32.5
29.5 56
-39.5 -16
115 29
114 32.5
86 68
75 61
80 8
30 56
95.5 56.5
158.5 55
-118.5 54.5
133.5 54
-75.5 38.5
120.5 70
11.5 60
-141 68.5
47.5 60
81 56.5
125 54.5
116 57
103.5 63.5
59 61.5
149.5 -31.5
90.5 27.5
139.5 -8
-107 60.5
-132.5 54.5
23 40.5
-6 6.5
-56 -2.5
17 52
57.5 53
61.5 62.5
112 24
124 65
-92.5 55.5
92 60
18 67
55 60.5
104.5 50
-116.5 60
94.5 58.5
114 23
-75.5 -4.5
-136 61.5
-69 -14
133.5 57.5
119 61
126.5 40.5
108 48.5
-83.5 43.5
116.5 68.5
110.5 59.5
-6 54
104 56.5
36 54.5
-85.5 55
-126.5 54
-3.5 56.5
40 44.5
21 54.5
108 22.5
-72 52
106 17
-154 66.5
55 59
-69.5 -7.5
83 55.5
29 67.5
99.5 27.5
106.5 57.5
-6 6
-83 47
89 62.5
138.5 36
31.5 63.5
145 67.5
-55 -0.5
20.5 68.5
21.5 67
143 -5.5
29.5 68
10.5 51
114.5 2.5
-84.5 52
24 67
23 6
106 56.5
109.5 49.5
-121.5 53
-91 50.5
30.5 68.5
31.5 66
37.5 57
95.5 59.5
130.5 62.5
99.5 54
138 -6
-74.5 -0.5
51 63
115.5 56
-98 57.5
8 48
121 47.5
101.5 23
36.5 60
103.5 18.5
29.5 61
-89 49
-127.5 62
103 2.5
107 58
30 40
102.5 -0.5
98 21.5
26.5 56.5
10.5 3
33.5 63.5
103.5 52
105.5 -7
-65 -4.5
-91.5 31
-119.5 60.5
113.5 63.5
-88 44
119.5 61.5
29 68
151 -30.5
117 62.5
104 61.5
117.5 5
83.5 64.5
117.5 41
96 54
-59.5 52.5
28.5 48.5
31 57.5
173 -41.5
-57 47.5
35.5 58.5
148 63.5
142.5 -5
102.5 21.5
-95 54
103.5 25.5
118.5 68
-78 39.5
-69 -12
133.5 53
119.5 52
136.5 48.5
47 61.5
-73 -2
17.5 49.5
26 66
106.5 56.5
3.5 44.5
16 53
133.5 64.5
124.5 66.5
23.5 -2
95.5 60.5
129.5 47
104.5 26
21 69
28 57
18 65.5
-132 55.5
101.5 25
165.5 66
100.5 55
161.5 66.5
105 26.5
38 64
-8.5 5
13.5 45.5
-120.5 49.5
83.5 60
-118.5 56
-66.5 -4.5
116 24.5
-118 59
11 52
-65.5 2
-125 59
48.5 63.5
-76 6.5
67 66.5
35.5 63.5
85 67
76 58
0.5 48.5
134 50
14.5 -0.5
-65.5 48.5
-69.5 -1
130 63
118 33.5
-67.5 57.5
-72 -52.5
-68 47
107 16.5
83.5 56
23 -1
103 66
36.5 9.5
67 63
-69 -3.5
25 42.5
-59.5 -8.5
-51 -4
89.5 57.5
147.5 -42
12.5 61
129.5 51
112.5 36.5
-70 -15
16 4
-80 -1.5
109 1
92 23.5
30 63
137.5 35.5
92 25.5
-78 47
-76 2.5
26.5 53.5
-57.5 -9
134 65.5
89.5 57
-8 31
131 68.5
122.5 53.5
99.5 61
105 54.5
143 43
-6.5 53
43.5 55.5
28.5 -4.5
99 25
-66 3.5
110 30.5
41 59.5
6.5 44
64.5 64
-91 49.5
32.5 51
2.5 50.5
133 -1.5
31.5 41
84.5 66
0 45
104 53.5
141 41
138 35
66.5 65.5
-133 61
32.5 67.5
154 69
-71.5 45.5
39 63
-112 57
26.5 56
54.5 60.5
40 44
21.5 51
-80 38.5
98.5 8
55.5 63.5
-54.5 -11.5
22.5 66
35 8
149 -34.5
66 56.5
127 40
-59 1.5
-126.5 53.5
108 25.5
72 61.5
31.5 40.5
94.5 20
115 3.5
95 29
65 65.5
83 57
126.5 60.5
132 52
-72.5 -38.5
16.5 45.5
126 39
-142 64
145 66.5
40 55
110.5 26
-80.5 27
99 61.5
-55.5 -11
-55 -7.5
-129 52.5
105.5 29.5
104.5 58.5
-6.5 6
-62 -14
15 49.5
-93 33
-65.5 58.5
33 54
12 3.5
159 65
89.5 66.5
-62 1.5
-123.5 39
98.5 14.5
166 65.5
3.5 47
71 61
121.5 62
-67.5 -6
118 59.5
-141 62
107 54
-61.5 -2.5
83.5 52.5
113.5 25
105 26
17 67.5
116.5 37
-109 26
136 58.5
43 57
11 -1
18.5 49
99.5 59
10 3
-110.5 59.5
148.5 64
151 68
115 29.5
78 58
104.5 22.5
108 61
122.5 67.5
13 66
31.5 54
175.5 -38
-73 -14
-7 54.5
63 56
52.5 57
105 31
159 66
93.5 64
81 65.5
104.5 27
109.5 1.5
115.5 -0.5
89 59
119.5 54
-84 38
109 60.5
-80 45.5
-92.5 32.5
-3 53
18 68
24.5 58.5
22.5 45.5
87 63.5
85.5 49
104.5 68.5
-76 55
142.5 53.5
-61.5 -6.5
16.5 -0.5
48 -19
106 22.5
161.5 68
10 47
-74 -4
114 61.5
-65.5 -20.5
-122.5 57
95.5 65
-63 52
-83 30
140 -3
58 60
63.5 59.5
112.5 1.5
-116 55
107 29
-113 46
99 29
120 65.5
113 69.5
106.5 31.5
-58 4
-1 44
113 25
78 31.5
91.5 58.5
31.5 51
66 57
-67.5 3.5
-103 54
-94 54.5
1 43
21 4
-139.5 67.5
126 67.5
130 65
105 27
29.5 55.5
85.5 55.5
59.5 60
-86 30
154.5 66.5
-49 -7.5
130.5 54.5
-83.5 42
120.5 16
-126 50.5
124.5 40.5
11 3.5
-93.5 35
-69.5 -4
155.5 64.5
-93.5 17.5
89.5 52.5
46 55
114 52.5
97.5 27.5
156.5 51
-105.5 23.5
-65.5 -8
77 60.5
43.5 61.5
18 -4
-95 30
-55 -1
25.5 60.5
38.5 9
29.5 69
-55 -3
54 63
-113.5 56
46.5 41
25 56
49 -16.5
21.5 65.5
60 58.5
120.5 58.5
55.5 64
97.5 22.5
-110.5 57
-60 -10
76.5 9
32.5 36.5
101 -0.5
-93.5 48
-115.5 55
146.5 61.5
73.5 56.5
96.5 27.5
-62 1
53 57
18.5 69
-68 2.5
115.5 40
18 51.5
128 -3.5
16.5 -1.5
132 51
-126.5 67.5
35.5 40.5
35.5 -18
-95 56.5
10 55
24 42.5
-0.5 45.5
-99.5 57
-55 -10
159 56.5
-70.5 0
50 65
-66 4
94.5 18.5
141 -38
-78.5 -4.5
53.5 55
23.5 -4.5
127.5 36.5
-142.5 65.5
106 31
-70.5 48.5
110.5 -2.5
5 48
121.5 52
52 56.5
-50.5 -1.5
102 60.5
95.5 55.5
75.5 12.5
113.5 28.5
-77.5 -1.5
53 65
-116 45.5
-79 46
6 46
33 63
20 68
25 -1.5
142 43
49.5 65.5
34 44.5
108 13
-67 -3
110.5 65
94 64
141 68
-69.5 57.5
-63.5 3.5
65 58
-66 57
115 33.5
-133.5 56.5
-58 53.5
154.5 64
43.5 43
142 63
13 0
19.5 66
48 33
75 60
17 49
51 62.5
102.5 57
-132 61
117.5 58
88 51
108.5 22.5
38 63
120.5 61
50.5 63
-73.5 6
21 2
112 65
-88.5 33
104.5 33
17.5 43
92 64
-56 -11.5
-75 54
7 50
80.5 61.5
28 54.5
117.5 30.5
17.5 -0.5
-115.5 47.5
-110.5 60
135.5 67.5
113 23
21.5 53.5
111 63.5
-57 0.5
160.5 68
16 -0.5
14 61.5
149.5 64.5
-58.5 -7
117.5 26.5
112 40.5
-64.5 -20.5
60.5 58
-124.5 51
7.5 48
90.5 61
25 0
-67.5 51
149.5 60.5
122.5 61
80 29
-53 -6
103.5 -3
-108 28.5
69 65
43 63
-47.5 -5
-112.5 57.5
115.5 -1.5
46.5 40
-75 1
53 64.5
93.5 24.5
-51.5 -6
-91.5 16
-76.5 43
118 27
-85 43
90 27
118 34
17 47.5
11 51.5
138.5 53.5
140.5 37.5
103.5 22.5
-77 -10.5
23.5 48
10.5 43
119 52.5
107 31.5
32 63.5
141 -6
112.5 58.5
114.5 24
37 54
13 50.5
115.5 33.5
124 62
132.5 65.5
85 51.5
121 37
100.5 61
57 53.5
-119.5 60
70.5 65
-67 -16
34.5 45
28 59
90.5 61.5
11 2
29.5 58
111.5 50
-81 41
119 56.5
98.5 9.5
145 60
121 53.5
113 62.5
-69 2
-73 45
15.5 48
-106.5 60.5
-76 -8.5
57 64.5
32 67.5
-75.5 0.5
29 50
123.5 56
107 62.5
27.5 52
137 51
159 53.5
97 22
100.5 59.5
-55.5 -2.5
122 52
-65.5 -11.5
113 33.5
106.5 34
14 51
25 63.5
63.5 64
11.5 50.5
-120.5 57.5
22 46
15 2
139 37.5
99.5 57.5
-72.5 52
74 33
67 58
165.5 61
15 64.5
-76.5 48
119.5 61
120.5 62.5
16 -1
176 -39.5
89.5 58
26.5 52.5
-120.5 59.5
68.5 65.5
-72 -8.5
133 59
107 34
114.5 58.5
84 64
100 19
86 64
104 58
13.5 52
29 61.5
13 5
92 63.5
-126.5 50.5
-81.5 42.5
-116 65
154 68.5
110.5 26.5
124.5 50
63.5 62
23.5 54.5
26 61
107.5 32.5
-77 37
152 -5
136 45.5
-83 33
-154.5 63
-78.5 49
-78.5 48.5
82 66
-3.5 50.5
33 55.5
26.5 2.5
96.5 61
102.5 21
-106 59.5
-4.5 57
-142 68
-68.5 54
101.5 21.5
-76 50.5
106.5 26
-1 48
34 51
109 27.5
134 61
72 58.5
-77 40.5
17.5 -5.5
-79.5 -3.5
25 50
4 49.5
-125.5 54
-72 -9
109.5 30
104 72
79 65.5
80.5 58
47 58
-67 45
20.5 41.5
96.5 64.5
-4 58
83.5 62.5
27.5 64
60 64.5
-79.5 33
12 53
25 5
157 51.5
58.5 59.5
-84 44.5
18.5 63
109 27
127 50
12.5 59.5
134 62
54 36
-123.5 51.5
36.5 57
-75.5 -10.5
-91.5 18
98 51.5
104.5 59
22 51.5
97 22.5
108.5 22
-108.5 26
124.5 65.5
103.5 27.5
101 63.5
161.5 59.5
-83.5 31.5
-96.5 53
-71.5 56.5
112.5 32.5
120 53
103.5 -2.5
22.5 55
30.5 50.5
151.5 -24.5
-138.5 62.5
172 -43.5
128.5 61.5
26 64
102.5 57.5
-71 49.5
-60.5 1
-147.5 67
107 60
-148.5 65
98 2
122.5 49.5
-123.5 68
112.5 64
-90.5 31.5
119 40.5
120.5 31.5
-134 62.5
115 61.5
-80.5 47
76 63.5
103 27
50 59.5
-74.5 50.5
-141.5 64.5
-64 1
41.5 64
49 63
-64 51.5
144.5 -5
143 44
111 35
154 62
-73 -0.5
-53 -25.5
-127.5 67.5
124.5 50.5
106 64.5
-122 45
27 -0.5
155.5 64
138 -5.5
16.5 67.5
-78 45
-129.5 65
-66 -5.5
112.5 33
17 -5
104 32.5
-80 -2
-68 56
-128 51.5
17 43
28.5 67
-159.5 62
105 61
99.5 57
-74.5 0.5
113.5 60
136.5 57
-138 60.5
114 26.5
103.5 72
42.5 63.5
71.5 57
150 63
80.5 56.5
-8.5 53
24 4.5
7.5 62.5
123.5 58
91.5 59
-73.5 18
-2.5 51.5
109 36
-70.5 52
-84 53.5
123 40
-107.5 29
-60.5 -4
39.5 10
23 -6.5
29.5 1
-1.5 54
42.5 59.5
-94 52
95.5 57.5
96.5 28
-7 4.5
19.5 51
-66.5 -17.5
142.5 -5.5
121.5 63.5
102.5 61
150.5 -6
109 28
94.5 25.5
-62 -4.5
-65 6
127 62
-130.5 66.5
158.5 65
95.5 59
-71.5 47.5
-102.5 59.5
109.5 23
-94 45.5
96 53
113 54
25.5 47
13.5 50.5
57.5 62
105.5 56.5
17 -7.5
115 69
51.5 65
21.5 -8.5
-70 -1
100 29.5
96 27
161.5 -11
-134.5 66.5
34.5 52
84 52.5
100.5 5
-125 49
97.5 18.5
-128.5 55
-96.5 31
39.5 54.5
5 61
48 -21
124.5 51
90.5 25.5
150.5 64.5
140.5 52
16 64
-123 64.5
-76.5 -3
-58.5 53
-72 -41.5
-94.5 51.5
122.5 65.5
125 61
119 59
58 66.5
17.5 59.5
-128.5 67
-61 54.5
92 23
-144 65
-91 35.5
141.5 -5
17 3.5
12 45
47.5 57.5
111 58
-59.5 -8
-71.5 -10.5
-51 -11.5
123 40.5
149 -23
140 36.5
-119 63.5
-89.5 32.5
33.5 64
-116.5 63.5
94 57
125.5 58
44.5 55
46.5 39.5
138 48
111.5 2.5
-3 7
-54 -12
-70.5 2
-76.5 -11.5
57.5 61
119 -2.5
11 54.5
67.5 57.5
52 60.5
150 -6
28.5 39
103.5 21
-92.5 56
42.5 60
107 32.5
-104 63.5
118 36.5
60.5 64
81 63
85 27
115.5 32.5
86.5 62.5
15.5 53.5
12.5 -1
-4.5 53
151.5 66.5
20 52
151 66
-130.5 56.5
102.5 65.5
40.5 65
43.5 63
158.5 66
37 61.5
136 57
51.5 64
-125 56
139.5 -6
-83.5 31
-110.5 44.5
27.5 67.5
-111.5 53.5
-73.5 44.5
48.5 33.5
40.5 44
160 65
-89.5 49
-104.5 20.5
110.5 32.5
43.5 57
15.5 51.5
43 59.5
101 6
-72.5 7
110 49.5
48 63
126.5 62.5
-78.5 52.5
89.5 52
141.5 70
113 27.5
28.5 58.5
39.5 55.5
120 27
-85 53
-124 39.5
22 44.5
110.5 68
81 58.5
157.5 54
22 42
10.5 62.5
66.5 66
119 35.5
-87.5 35
98.5 55
-73 -12
-77 52
-83.5 50
-88.5 44
45 58.5
132 59.5
20.5 1
-66.5 50
29.5 39.5
15.5 52
-8.5 41
116 25
-67.5 1
112 32
119.5 69.5
115 59.5
15 56.5
98 62.5
165 -21.5
-65.5 -0.5
35.5 59
46.5 63.5
121 54.5
-64.5 48.5
18.5 46.5
-122 58.5
-115.5 56
9 46
-54 -11.5
72.5 58.5
-109 61
-60.5 45.5
-112 54
-95 52.5
117 33.5
22 43.5
-76 -12.5
-132 63.5
112 25
104 70
-76 51
148 61.5
31.5 -29
151 63
-75.5 39.5
147.5 -26
92 59
122 53.5
-55.5 -13.5
49 57
8.5 53
115 31
110.5 60.5
106.5 28.5
141 -5.5
-137 63
118 37.5
114.5 39
97 64
108.5 63
96 28.5
111.5 33
34 54
127 59.5
40.5 59.5
22 48
101 68
126.5 42
149.5 66
94 62
118 65.5
104.5 21
116.5 -1
91 26.5
125 52.5
-114.5 46
86 53
18 48
122 41
97 3
-153.5 65
35 55.5
125 42.5
16.5 68
113.5 27
142.5 64
109.5 63.5
-63 -5
-70 -4.5
-104.5 57
147 -42
47 -23
116 26
-4 7
-78 1
-89.5 50.5
29 1
54.5 62.5
102 62.5
27 55.5
92.5 25.5
95 28.5
135.5 35
71.5 58
44.5 36
-85 30.5
-71.5 -14.5
82.5 60.5
102.5 4.5
110.5 27
32 53.5
131 67.5
-113.5 57
32.5 40.5
21 67
97 20
92.5 61.5
138.5 35.5
105 31.5
-76 -6.5
103.5 30
36 56.5
142.5 49.5
-58.5 -1
-114.5 59.5
109.5 34.5
156.5 -7.5
-123.5 44
3 44
-71 -4
139 -7.5
-61.5 51.5
18.5 68
120.5 47.5
12.5 47
160 65.5
136 35.5
52.5 62.5
12.5 49.5
-56.5 53
116 32.5
29.5 39
110.5 23.5
-114.5 65
31 64
102 -2.5
136 59.5
19 42
153 59
-65.5 54.5
79 30.5
133.5 68.5
122 51
102 57.5
102 51.5
-114.5 52.5
112 32.5
17 -2
29.5 66.5
93 65
84.5 65
-73 -53
-106 24.5
109 53
110.5 54
103 24.5
108.5 50.5
115 23.5
164 67.5
33.5 67
-58.5 48.5
-72.5 43.5
45 60.5
81.5 57
-72 51
6.5 48.5
-96 58
131 65
34.5 67
-64 -6.5
-5 55.5
112 64
-95 32
37.5 50.5
147 61.5
-76 -4
-4.5 52
35 63
42.5 55.5
125 7.5
-81.5 43
-84 12.5
-134 59
107 54.5
-57 -0.5
88.5 63.5
-97 60
116.5 3.5
146 -6.5
36.5 40
-72 -12.5
4 48.5
97 53
-65 52
171.5 -42.5
21.5 3
-121 53.5
-83.5 48.5
91 56
132.5 66
173 63.5
114 30
128.5 42
123 58
127 54
-106.5 58
156.5 65
-59.5 -10
17.5 52.5
-81 32
114.5 67
106.5 65.5
-94 58.5
98.5 57.5
138.5 48.5
127 60.5
-68.5 -3
25 48
-147 62.5
-95 55.5
128.5 55.5
17 65
119.5 52.5
9 45.5
132.5 59
144.5 -6
28.5 66.5
-127 51.5
-115.5 46.5
111 33
167.5 -45.5
-63 1.5
103.5 65.5
-55.5 -7
10 48
13.5 53.5
113.5 30.5
-101.5 58.5
7.5 49.5
118 40
136 61.5
-96 59
130 -2
26.5 5
20.5 -2
-121 50
-87 35.5
106 28.5
48 60
114.5 0
-59 6.5
0 40
149.5 64
127.5 38.5
104.5 30.5
-62 51
132.5 67
67 56.5
-95.5 55.5
28 58.5
100.5 65.5
54 65
123.5 69
-118 49.5
147.5 68.5
24 2
127.5 40.5
-71.5 -10
112 60.5
128 61
133.5 69
128.5 35
86.5 27
110.5 63
64 65.5
115.5 63
-62.5 -5.5
24 60.5
-96.5 59
137.5 49
-86.5 38.5
25 62.5
-2.5 41.5
93.5 56
-93 53.5
141.5 39
122 64
111.5 30.5
-64 -4
62 59
17.5 43.5
119 53
94 19.5
105.5 24
22.5 61
115.5 37.5
123.5 57.5
5.5 52.5
-8 52
14.5 62.5
129.5 63
47.5 65
107.5 52.5
131 43
112.5 25
-62.5 57
8.5 46
85.5 27
22.5 68
6 44.5
-56.5 -5.5
-52.5 2.5
16 61.5
15.5 4.5
22.5 54.5
137 59
-85 44
-111.5 64
-83.5 43
9.5 4.5
100 67.5
30.5 37.5
116.5 34.5
34.5 56
107.5 21.5
-74 -47.5
-74.5 -51
103.5 69.5
-122.5 49.5
100.5 56.5
82 56
-59.5 -4
-73.5 -11
110 66
111.5 64
46.5 62.5
23.5 0
8.5 55
-114 54
-56 49
-54 3
134 66.5
123 57.5
111 55
103.5 62.5
29 -1.5
122 52.5
23.5 56
59 65.5
165 60.5
-106 55.5
132.5 58
118 67.5
-71 -8
124 54.5
-52.5 -4
-134.5 61
46.5 60.5
117 30.5
99 10.5
-2 54.5
-54 -13
-69 46
25.5 1
36 62
27 51
118.5 0.5
126 61.5
-74 7.5
137 58
-82 30.5
-8 52.5
121.5 42.5
23 41.5
63.5 61.5
33.5 55.5
120 64
117 5.5
-67 47
47.5 64.5
-61 51.5
11.5 2.5
114 68
-68.5 -1.5
-74 -5.5
113.5 31
31.5 53.5
19 42.5
85.5 50.5
0.5 42
-87 37.5
31 66.5
102.5 51
24.5 5
-87.5 49
4 44.5
132 -3.5
18 52.5
-71.5 55
107.5 29
-7.5 52
23 67
102 3.5
9 51
114 38
26.5 4
139 36.5
141.5 -8
138 58.5
-79.5 38
-58 48
131 55
-71 -4.5
21.5 -6.5
-85 54.5
20.5 42.5
-66 -3
98 15
145 -7
-96 31.5
-131 60
104 20.5
22 42.5
-124.5 50
143.5 62.5
47 61
22 51
45.5 65.5
-71.5 55.5
75.5 33
-68 49.5
124 64
4 48
51.5 56.5
-63 -6
136.5 55.5
-50.5 -2
88.5 69
-84.5 33
9.5 57
9.5 55.5
85.5 62.5
114.5 30
26.5 66.5
132 61
107.5 56.5
157 64
26 40.5
5.5 53
-86 38.5
94.5 54.5
-139 61.5
129 63
22.5 52
127.5 58.5
116.5 30.5
-9 7.5
15.5 46.5
127.5 40
-119.5 59.5
99.5 19.5
-93 50.5
-124.5 48
140 60
73 64
85 64
97.5 26
-3.5 54
27 0
103 52.5
125.5 55.5
24 3
31.5 40
45 64
166.5 65.5
33.5 61
125.5 49.5
13.5 65.5
123.5 53
152.5 -30
98.5 26.5
134.5 45
106.5 -6.5
-56.5 48
135.5 47.5
115.5 23.5
3.5 44
113 33
-132.5 65.5
20.5 67
14 -3
-134 68
108 21.5
145 -8
119.5 28.5
102.5 0.5
138.5 59.5
73.5 60.5
125.5 69
119.5 69
90.5 58
95.5 27
-59 -11.5
-108.5 38
96.5 19
27 57
21 44
-66.5 -2.5
100.5 61.5
42.5 59
23 56.5
13.5 3.5
142.5 52.5
-75.5 40.5
100.5 64
37 66
113.5 58.5
122.5 58.5
119 57
88.5 56
54.5 57
154.5 63
98.5 17
107 33.5
84.5 57
22 37
130.5 57.5
126 52.5
-91.5 42.5
143 60
-88 46
142 -7.5
95 65
-77.5 0
-136.5 61.5
7.5 58
118.5 65.5
147.5 -28.5
9 50
8 53
-38 -12
-116 52
-115.5 62
37 14
-104 55.5
-86.5 34
59 57.5
17.5 -3
141.5 -4.5
76 56.5
104 67.5
112.5 30.5
122.5 56
23.5 40
12.5 57.5
115.5 24
158.5 67
-57.5 50
137.5 -3
-90 45
111 -2.5
-90.5 34.5
120.5 51
114.5 53.5
142.5 43.5
77.5 61
99.5 28.5
105 52
-55 -7
0.5 43
20 51
15.5 45.5
81.5 64.5
98 16.5
119.5 64
12 -2.5
91.5 54.5
57 56
-68 48
79.5 66
138 70
-69 49
-104.5 58.5
5.5 60.5
-72.5 -39
72.5 57
-73 -39.5
-87 49
84 60
117 34.5
89 52.5
113 59
108 26
116 30.5
124 50
20 44
113.5 54.5
23.5 67
-61.5 45.5
119 26.5
24 47
-60.5 50
81 7.5
13 65.5
11.5 49
-67 -19
137 -4
104 30.5
8.5 48
-123 58
-111 45.5
13.5 46.5
35.5 60
132.5 34.5
-52.5 -4.5
62.5 57.5
-66 -18
26 47.5
12 42.5
109 32.5
150 61.5
114 28
-65 46
124 67
121.5 59
90 23
-123.5 44.5
-77 44
152 61.5
28 69.5
103 19
157 65
108 27
113.5 51.5
130 50
27 2
-75.5 54
59.5 55
22 58
127 35.5
147 -37.5
24 45
-39.5 -18
-101 59
130 54
-153 66
110 64.5
107 12
102.5 -2
-67 -2
134 51
94 27
-95.5 57.5
111 0
-69 52.5
123.5 56.5
18.5 59.5
-64 5
129 56.5
115.5 67
108.5 64
-82.5 47
-71 56
80 62.5
103.5 63
109 25.5
-56.5 -9.5
55.5 64.5
150 68
96 50.5
-107.5 37
133 66
14 41
-4.5 48
120.5 18
10 -0.5
-125.5 64
56 66.5
132.5 57
160.5 64.5
7.5 50.5
-97 52.5
104.5 69.5
113.5 -2.5
-54 2.5
12 0.5
120.5 37.5
98 56.5
106 60
127.5 -0.5
-137.5 62.5
104 27.5
-64 53
100.5 14
-48 -2
122.5 70.5
106 64
-96 58.5
89.5 62
101.5 23.5
-83 34
11 50.5
116 55.5
-101 50.5
18.5 -4.5
35 66.5
58.5 65
-55 47.5
152.5 -30.5
-74 -48.5
115 24
16.5 51.5
-97 61
80.5 57.5
-74.5 -5.5
-69.5 -6
-85 48
157 55
113 68
54 57
-92.5 51
98 56
133 64.5
-157.5 63
124 42
12.5 3
117 40.5
113.5 32
41.5 56
108.5 62
39 55
89 57
-85.5 30
112 29.5
15.5 46
174 -35.5
22 50.5
57 62.5
81.5 63.5
116.5 55.5
156 65
-3 56.5
107.5 14.5
7 62.5
149.5 -25.5
64.5 57.5
-67.5 56
104.5 67
117 65
113.5 30
-72.5 1.5
19.5 47
134.5 63
85.5 57
-75.5 41.5
123 50
-97 60.5
100 13.5
132.5 33
-94.5 46
61 58
35 57.5
17 60.5
109 64.5
39 54.5
8.5 62
-92.5 35.5
12.5 65.5
-92 50.5
113 39
38 60.5
130 43.5
117.5 34
-62 -0.5
-90.5 46
-71.5 54
26.5 45.5
136 47.5
157 63.5
114 51.5
24.5 54
94.5 63
-61 -5
94.5 55.5
24 46.5
96.5 59.5
-84 31
115 0
-5 6
-10.5 6.5
112.5 34.5
111.5 70.5
106 56
16 59.5
127.5 43.5
-70 2
60 60
-113 55.5
112 52.5
164.5 62
-155.5 64
108 49
145.5 59.5
-125 50.5
87.5 22
135 56.5
-121 61.5
104.5 58
139 -7
19.5 51.5
-115 56
18.5 53
29.5 54.5
-73.5 -53.5
116 3
17.5 0.5
121.5 48.5
114.5 52
115 32
15.5 44.5
-73 53
14 64
-81.5 35.5
157.5 57
138.5 62.5
101.5 53.5
-111 56
36.5 7.5
16.5 61.5
40.5 64.5
30.5 57.5
-92 36
153 65
106 53.5
94.5 28
17.5 -2
142.5 64.5
-121.5 49
28.5 57
59.5 61.5
95.5 64.5
-99.5 54.5
-56.5 49
-129 53.5
133.5 35
18.5 64
118 61
102 68.5
-69 50
142.5 63.5
-123.5 41.5
30 55
60 63.5
14.5 45.5
116.5 59.5
102.5 29.5
2 50
124 66
8 61
115 61
102 51
152 65
-8 7
-73.5 52
112.5 35.5
123.5 53.5
65.5 57.5
136.5 50
147 -22.5
-104 59
115.5 62.5
-111 60.5
111.5 50.5
135 -15
58 56.5
112 -1
9 54
9 55
20.5 -5.5
-77.5 5.5
-65 51
48 56.5
122.5 40.5
70 59.5
74.5 14.5
97.5 54.5
45.5 52.5
142 -7
15 40.5
-119 36.5
-126.5 49.5
106 25
143 67
34 60.5
101.5 58
128.5 48
-74.5 -2.5
23.5 3
87.5 26
-87.5 45.5
-69.5 45
155 63.5
-94 29.5
39.5 60.5
122 7
-57.5 51.5
26.5 47.5
118 55
140 -5
8 46.5
14.5 -1.5
17 51
134.5 43.5
-101 17
-72.5 -40.5
53 60.5
-53.5 47.5
82 64
129.5 45.5
106 17.5
35 54
112.5 35
-77 40
99.5 24
-111 60
-114.5 48.5
101 59.5
35 41.5
137.5 52.5
68 63
72 60.5
-123 41
67.5 61.5
59.5 59
-115 62.5
19.5 49.5
-76 50
-91 49
29.5 50
53.5 60
-54.5 47.5
-69.5 -11.5
28 67.5
-67 -9
-58 -4.5
-91 29.5
-2.5 5.5
15.5 56.5
125 69.5
127.5 55.5
133 44.5
131 34
-59.5 52
-64.5 -12
-53.5 0
-77 7
-90 36.5
125 57
-72.5 -4
31.5 38.5
17 46.5
-154.5 61
125.5 8
-73.5 -38
27 -6
104 -1.5
-69.5 46.5
-74 -1.5
25 47
67 63.5
108 24
65 63
110 61
148.5 68.5
-73.5 56
137 -4.5
104 -5.5
-78.5 -7.5
89.5 54
-71 -15
166.5 61.5
-73.5 45
75 59.5
127 49.5
112.5 34
104 52.5
82.5 59.5
-10 54
125 56
99 23.5
69 57.5
137 36.5
107.5 61
30.5 -30
34.5 50.5
9.5 5.5
81.5 58
94 54
-124.5 54
105 17.5
103.5 16
63.5 65.5
149.5 65.5
32.5 69
124 6
143 -37.5
101 67.5
-80.5 36.5
-57 -5
122.5 60.5
-75 50.5
99.5 2
-84 9.5
151 65.5
4 45.5
33 58.5
71 57
-72.5 -40
116 70.5
-60.5 8
113.5 37.5
-78.5 47
23.5 3.5
9 52
131 50.5
101.5 47
113 -1
48 -20.5
111 65
123.5 64
121.5 -4.5
-2 40
121 23
-81.5 32.5
20 51.5
102 13.5
108 -7
108 54.5
18 59.5
-72.5 -10.5
33.5 61.5
138.5 64.5
23.5 56.5
-106.5 53
101.5 27.5
33.5 52.5
133.5 46.5
-79 54.5
-85 32.5
-96 31
-154.5 57
22 62.5
3 50.5
58 58
-132 62
-125 67
-136.5 57.5
143 -39
-112 59
91.5 64
31 62.5
129.5 59
-1 42.5
106 66.5
-57.5 -8
110.5 67
24 66.5
-133.5 65
66 63
-90 48.5
-73.5 -50.5
24.5 45
-77 -9.5
91 59.5
128.5 52
36 58
105 33
27 -33.5
56 60
86.5 64
-107 58
18 45
118 59
-49.5 -6
101 -2.5
133.5 45
28.5 38.5
143.5 49.5
101.5 12.5
-63 5
26 47
49 64
28 -2
26 -2
23 -3.5
24.5 45.5
-53.5 -5.5
-91.5 17
-106 38
-81.5 25.5
-54.5 -6
-112 63.5
50.5 60
116 58.5
115 27
157 52.5
108.5 60
-50.5 -3
60 60.5
137.5 34.5
94.5 17.5
88 60
-50 -5.5
133 -3
114 30.5
-124 43
-85 10
32.5 56.5
119.5 -1.5
113 -2
100 29
-74 51.5
14.5 67
114 2.5
105.5 -3
126 66.5
14 55.5
-122 49.5
12.5 65
-50 -4
-88.5 55
4.5 52
21.5 43
148.5 60.5
131 56
141 42.5
156.5 54.5
38 62.5
151.5 65
-82.5 32
156 64.5
2.5 46
50.5 57
-104.5 23
30.5 65
37 40.5
158.5 67.5
134.5 54
-108 55.5
121.5 -3
131 -1.5
98.5 12.5
26.5 40.5
30.5 52.5
29 52.5
16.5 -6.5
-64 2.5
139.5 36
13 48
95 58.5
-65 -11
-75 45.5
-68.5 -55
91.5 59.5
-69.5 -10.5
33 69
-74.5 -47.5
17.5 50
-75 50
-65.5 52
-91 42.5
-97 56
-56 0.5
98.5 11.5
114.5 67.5
131.5 32.5
-133.5 63
-127.5 53.5
-85 37.5
165.5 -21.5
-82 39.5
-106.5 26.5
133 57.5
-157 66.5
109 65
114.5 31.5
156 64
94 29.5
92.5 59
-127 58
47 60
103.5 49.5
88 62
45.5 65
-62 -9.5
-73 -44
99.5 64.5
12 43
85.5 63
115 53.5
155 66.5
21.5 48.5
96 60
114.5 3
110 24
-157.5 67
59 58
124.5 49.5
101 53
175 -37.5
73 59
106 34
96 29.5
105 69.5
122.5 13.5
17 53
107 -7
-8.5 5.5
41 56.5
-61.5 -11
113 61
113 25.5
-70 55
49 61.5
33 57
13.5 1.5
-83.5 8.5
107.5 68
17.5 1.5
-101 51.5
97.5 17
138.5 47.5
103.5 55
-54 -27.5
-52 -1.5
-107.5 40.5
15 61
169.5 62.5
114 26
48.5 66.5
128 35.5
19 -1
-88.5 51
34 62.5
-124 40
92.5 12.5
31 59.5
98.5 59
5.5 61.5
51 58
131 66.5
-73 49
-75 -49.5
30 56.5
114.5 4.5
128.5 57.5
107 61.5
-70.5 50.5
46 39
114.5 38
49 -17
103 56
-68.5 -8.5
100 54.5
134 67.5
16 46
152 60
132.5 55
106 23
62.5 56.5
46.5 58
112.5 -0.5
107 34.5
33 57.5
-63 4.5
-73 -4.5
-92 37.5
136.5 35.5
70.5 61
109 68.5
105 55.5
7.5 59.5
-128 68
-76 53
114.5 26
-85.5 43
41.5 60.5
127 61.5
-71.5 -9
-58 3.5
17.5 47.5
-150 61
68 62
-64 -8
-72 51.5
35 40.5
116.5 29.5
115 30
42.5 58
13 59
23.5 -1
93 57.5
-91 54
101 55.5
40 54
-97 58.5
103 25
87.5 64.5
33.5 56.5
102.5 5
-83.5 32.5
116 4
103.5 68
120.5 41.5
120.5 65
150 64.5
103.5 29.5
51.5 61.5
36 67
161.5 64.5
115.5 39
119 28.5
30.5 56
-61.5 -7
49 59.5
114.5 56
147 44.5
54.5 65
122 -4.5
-82 48
152.5 60
-68.5 55.5
15 60
99.5 1
-70.5 -6
-69.5 -0.5
161.5 55
101.5 61
-3.5 57
58 53
89.5 25.5
39 60
-4.5 50.5
-118 56.5
16.5 66.5
-77.5 52
137.5 -4.5
12 55
24 -3
-4.5 38
-90.5 44
-78 45.5
-90.5 35.5
-76.5 8
-76.5 44.5
151.5 65.5
112 54.5
-66 48.5
-84 52.5
-70 -55.5
154.5 62.5
111.5 61.5
25 49
112.5 38
139 47.5
-8.5 52
98.5 62.5
88.5 60
109 23.5
65 56
143 67.5
100.5 66.5
111 69.5
1 52
35 64
22 61.5
148.5 -36
110.5 27.5
26.5 47
17.5 45
-126.5 57.5
116 54
-126.5 66
93.5 55
-89 45.5
153.5 65
-57.5 -12.5
139 58
-160 63.5
35.5 57
94.5 64
18.5 0
-98.5 51.5
21.5 0.5
47.5 -21.5
-59.5 -2.5
-128.5 55.5
19.5 44.5
48 56
18 48.5
-107 40.5
81 61.5
147 66.5
113.5 34
98.5 11
149 65.5
20.5 51.5
-93.5 51
95.5 69.5
21 41
-71 -6.5
-59 -2.5
48 57.5
93 25.5
-104 61.5
-90.5 31
49.5 56.5
56.5 58.5
113 30
-57.5 -10
24.5 -4
124.5 63.5
12.5 0
-64 3.5
-61.5 -3.5
12 1.5
133 69.5
93.5 57
131 62.5
108 3.5
-77.5 51
21.5 43.5
-77 -6.5
130.5 61.5
-70.5 -55
-89.5 45
15.5 62.5
138.5 52.5
17 51.5
-81 46
105 65.5
-75 3.5
-73 -10
98.5 14
-86 39.5
142.5 66.5
-68.5 -16.5
108 58.5
-58 51.5
-50.5 -6
102 65.5
49.5 62.5
169 -44
-116 44.5
21.5 66
115.5 28.5
44.5 56.5
38 62
169 63.5
112.5 52.5
140.5 43
123 52.5
-119 50
10.5 5
-57.5 48
130.5 49.5
-66.5 0
21 -3.5
-143.5 66.5
119 28
-122.5 47
35 59.5
157.5 64.5
22 44
-73.5 42
47.5 62.5
-76 -6
137 57
5 50
48 62
22.5 57
138 -4.5
123 59
53 55.5
29.5 48
-58.5 5
-83.5 38
27.5 67
-53 -26
100.5 23
-105 44.5
32.5 53
12.5 54
143 68.5
28.5 40
129 58
-81.5 47
-104 53
122.5 60
-67.5 -12.5
126.5 40
-58.5 -8.5
-94.5 31.5
-166.5 64.5
-159.5 62.5
100 48.5
-64.5 53.5
116.5 0.5
143.5 43.5
97 28
109.5 22.5
72 65.5
-128 65
109 49.5
-76.5 -10
116 65
141.5 62.5
134 67
12.5 -5
80 58
40 63
-57.5 -11
27 -2
57.5 55.5
-66.5 58
38.5 62.5
121.5 51.5
115.5 28
111.5 67.5
117 61.5
127.5 59.5
28 60.5
29.5 40.5
74.5 34.5
-120 49.5
139.5 59.5
94 58.5
80.5 66
22 3.5
-125.5 65.5
-84 32.5
16 47
116.5 -35
157.5 51.5
21 69.5
167.5 -45
-103 59
-75 46.5
110.5 58
-97 59.5
-79 46.5
-65 -3.5
100.5 22
0.5 42.5
106 57
-153.5 57.5
124 60.5
-56.5 0
21 66
22 -2.5
24 -4
113.5 57.5
103.5 33.5
-86.5 50.5
22.5 2.5
44 55.5
144 62
-96 54.5
127 55.5
126.5 39
44.5 40.5
92 61
111.5 51.5
124 51.5
-110 60.5
55.5 60
92 21
149.5 45.5
149 -25
125 8.5
-105.5 37
95.5 70
-61 -12.5
52.5 64.5
-3 51.5
110 62
-120.5 53
-86.5 32.5
-87.5 36
-82 31
108.5 25
-68.5 49.5
103 56.5
161.5 67
119 32
111.5 33.5
112.5 65.5
103 -4
-139.5 63.5
21.5 44.5
-75.5 51.5
-127 63.5
104 22
105.5 66
-123 40.5
102.5 24.5
91.5 66.5
112.5 -1.5
78 58.5
136.5 36
11.5 46
145.5 62.5
109 61.5
-74.5 46.5
-86 44.5
105 67
137.5 49.5
80 7
65.5 56.5
111.5 21.5
170 63
-145.5 68
-69 50.5
108.5 65
-3 47.5
45.5 62
-88 35.5
-128 67
85 66
139 50.5
94.5 26.5
142 44
-8 53
70.5 60
-75.5 50
125.5 63.5
-3 52.5
-94.5 55.5
-81 48.5
47.5 60.5
109.5 48
13 58
107.5 53.5
167 66.5
63.5 56.5
85.5 27.5
106 -6.5
135.5 62
-84 13
29 51.5
-130 66.5
35 52.5
19 49.5
44.5 63.5
146 62
26 50.5
-1 44.5
142.5 63
49.5 64.5
-73.5 40.5
-146.5 64.5
20.5 44
-102.5 53.5
92.5 55.5
142.5 47
152.5 67.5
-9.5 6
120.5 68
121 48.5
14 41.5
85.5 58
-6.5 6.5
91 63.5
24 47.5
117 -1
-51.5 1
113 65
-118 57
-104 44
49 65.5
103 66.5
131.5 53.5
17 47
10 63
29 65.5
152 59
-58.5 -1.5
143.5 -5.5
-71.5 50
79.5 58.5
113 36.5
-65.5 -5
21 56
-55 1
-71 51
135.5 57.5
90.5 51.5
92 55
-65.5 1
-73 42
105.5 23.5
111.5 60
-85.5 33.5
14 48.5
-52 -4
156.5 63
10 47.5
23.5 4.5
74.5 13.5
110 53.5
18 54
42.5 62.5
35 -18
9.5 6
103 69
-65.5 -11
-7 40
96.5 51
138 51.5
39.5 56.5
158.5 56
82.5 62
-149 66.5
-53 -12.5
131 51
10 1
114.5 57.5
-128.5 54.5
135 69
-79 49
120.5 60.5
116.5 28.5
-119.5 62.5
-64.5 2.5
79.5 63
136.5 -3.5
145 63
-131.5 58
99.5 29
109.5 57.5
121 31
169.5 65
-48 -2.5
130.5 67
67 61.5
-89 37.5
45 64.5
-4 55
13 63.5
12.5 63.5
-103.5 55.5
-100.5 52
39 44.5
15.5 40.5
120 59.5
92 61.5
3.5 45
24.5 42
44 63
-75 4.5
-120.5 38
103.5 -1.5
34 61.5
51 62
-72.5 -48.5
114 23.5
121 46.5
12.5 41.5
-87 32.5
38 40.5
87 51.5
-76 -5.5
6 44
110.5 24.5
-122 45.5
104 29.5
23.5 48.5
-100 58
19.5 -7
116.5 60.5
157.5 63.5
-70.5 46
-50.5 -2.5
105 57.5
-52.5 -11.5
21 51
140.5 38
-86 42
133.5 47
-9 53
86.5 60.5
119.5 53.5
-93.5 16
130 62
72 60
-81.5 44
35 53.5
16.5 44.5
29 54
150.5 69
18.5 44
-62.5 5
-110.5 56
99 1.5
138 64.5
156 63.5
72.5 59.5
41.5 59.5
84 61.5
111 -1.5
-50.5 -4
108 52.5
13 62.5
-82 50
100 -1
129.5 44.5
109.5 58.5
58.5 59
10 44.5
99 51
-128 52
62 60
114 69.5
96 20.5
23 3
94 57.5
120 57.5
129 45.5
57 54.5
99 65.5
-73 -7
133.5 61
143 -4.5
25.5 53
23 4
-83 40
88.5 26.5
25 64.5
96.5 54.5
-11.5 6.5
-2 47
118 41.5
-100 56.5
107.5 24
-119.5 66.5
63 61.5
64.5 63
-109 60.5
6 61.5
-78 41.5
78 56
98.5 2
100 57
119.5 -4.5
-110 37.5
50.5 36
27 48.5
108.5 29
37 53.5
87.5 63
98.5 54
-68.5 50
117 66.5
19 -2.5
-78 -10
20.5 52
133.5 62
101.5 30.5
-74.5 -50
18 67.5
-62.5 -11.5
-157 63.5
117 4
16.5 48
108 62.5
89.5 56.5
-100 59
-57 53
51.5 36
119 65.5
78 57.5
139 -4
154 66.5
114 64.5
-58.5 54.5
46.5 57.5
123 60.5
43.5 58
109.5 62.5
138.5 52
121.5 41.5
-65.5 -9
127.5 36
131.5 54.5
165 -21
-69 46.5
116 -34
102 2
172 63.5
123.5 58.5
88 26.5
118 5
135.5 50.5
8 47
37 53
20.5 44.5
70.5 58.5
119 67.5
22.5 5.5
25 46
117.5 1
79 61.5
148.5 -6
49.5 66.5
7 47
112 66
97.5 56.5
127 65
100.5 27
108.5 65.5
18 49.5
138.5 60.5
-80.5 34.5
117 27
2.5 43
99 24
110.5 40.5
-58 47.5
49.5 59.5
-81.5 31.5
-102.5 61
139.5 58
100.5 4
127 36
9.5 4
111 36
101 13.5
103.5 55.5
127.5 37.5
-58 -6
125 52
-77 4.5
23 60.5
-103 55.5
-63.5 -1.5
-73 2
74.5 63.5
81.5 54
115 52
104 -3.5
-53 -5
141 39.5
-96.5 56.5
98 63.5
-63.5 55.5
97 62
143 66
41 59
-68 50.5
-66 45.5
21.5 60.5
-51.5 -1.5
-97 30
-128 66.5
95 26.5
-120 50
29.5 56.5
-90.5 38
-74.5 53
-58.5 51.5
5.5 5
-67 -12
57.5 60.5
10.5 53.5
25.5 5
102.5 -1.5
46.5 43
-74.5 43.5
51.5 58
-70 -6
78.5 31
116.5 1.5
101 28
48.5 54.5
-79 50.5
-53.5 -4
99 31
25.5 -1.5
142 49
53.5 60.5
-79.5 43.5
166.5 -22.5
-93.5 32.5
4.5 44
87 57
162 64.5
159 57
36.5 53.5
104.5 64.5
81 8
-73.5 -54
34 55
-101.5 59.5
-106 54.5
101.5 -1
33 61
-57.5 -3
104 -5
152 63
-124.5 42
91.5 57
137.5 36.5
14 -0.5
124.5 58.5
6 45
128 50
136.5 52
-78 50
33 51
12 61.5
82 59.5
42 55
115.5 25.5
25 -5
-64.5 -4.5
94 53.5
-4 5
-60 7.5
19 43.5
157.5 52
145 -6.5
97.5 50.5
-101 57.5
45 40.5
139 -3
-55.5 -6.5
43 64
158 64.5
99 22.5
-75 -10
150 59.5
-88 15
-125 61
26 4
6.5 5.5
-58 -5
-75 6.5
21.5 -2.5
-121.5 55
127.5 35
-156.5 62.5
116 -1
134 57.5
-119 51.5
-74 42.5
91 62
120 69
-92.5 51.5
9.5 49.5
115.5 3.5
80 59
146.5 -37
-58.5 -12
-85.5 15
-109.5 57
-82 26
113.5 39
112 70.5
-154 64.5
38.5 61
-78 -3.5
-112.5 55
34 50
-98 60
101.5 54
87 62
124.5 1
89.5 22.5
136.5 53
-130 58
27.5 43.5
122.5 48
-84 37
9.5 62.5
-78 48
141 64
-84.5 42.5
-54.5 -7.5
118.5 59.5
-98.5 57.5
146.5 -37.5
20 67.5
52 58
126.5 52
-113 57.5
103 -2
130.5 48.5
-66 -9.5
102.5 69
112.5 27
79 65
-61 -2.5
102 -3
97.5 16.5
54 57.5
-62 53
84 28.5
64 57.5
-74 -7
112 36.5
-104.5 59
-90 33.5
-90.5 45
101 1.5
-77.5 48
31.5 1.5
13 53
-85.5 38.5
10.5 64
120 14.5
53.5 65.5
24 61.5
154.5 68.5
-118.5 61.5
110 25
109 64
48.5 58.5
12.5 51
-121 56.5
28 -3
9 54.5
18 3
74.5 60.5
-68.5 52
147 68.5
97 63.5
103 30
103 30.5
-80.5 35.5
-143 66
117 32.5
111.5 36.5
133.5 -3
116.5 23.5
-82 47
104 67
-123 47.5
-66.5 -11
27.5 49
90 57
12.5 48.5
118 52
163.5 67.5
89 63
-114 48
132.5 54.5
46.5 39
49 63.5
43.5 58.5
103 19.5
-97.5 59
78.5 66
-70 -4
20.5 64.5
142 51
98 62
136 57.5
-131 59.5
134.5 68
28.5 53.5
19 66.5
-114.5 55
-6.5 5.5
-101.5 52.5
111.5 22
91 58
141 -7.5
140.5 -5.5
-133.5 58.5
152.5 -25.5
-90 15.5
-77 46
68.5 64
29 2
30.5 63.5
26.5 43.5
122 41.5
-69 -6.5
45.5 58
15 63.5
42 64
-74.5 49
-85.5 15.5
54 62.5
131 46.5
-80 47.5
68 56
175 -40
117.5 52.5
120 -3
-159 61.5
29 53
26.5 50.5
47 62
115.5 64
162 61.5
17.5 62.5
0.5 51
45.5 54.5
32.5 55.5
97 54
-143 61
93.5 54.5
116 62
107 14.5
-103 61.5
22 61
86.5 56.5
57 61
-91 53
123 9.5
-82.5 37.5
-64 -18
133.5 54.5
-133 63
85 60
24.5 50
83.5 58
77.5 58
119 35
7 61.5
9 50.5
-71 54.5
10.5 0.5
-76.5 41.5
-113.5 47
-83.5 32
-67 -12.5
-132 57
67.5 58.5
47.5 63
-93.5 50.5
23 49.5
95.5 55
117.5 25.5
37.5 61.5
43 57.5
103 3
139.5 51
5.5 45
-100 60.5
152.5 -27.5
86 56
77 32
84.5 54
101.5 71
128 36
135.5 45
-118.5 57
93 64
-82.5 38
24 0
124.5 57
-74 49
96 62.5
51.5 59.5
22.5 68.5
14.5 57.5
-108 33
87 65
59 63
-93 53
157 68
-75.5 43.5
11.5 47
-83.5 36.5
-73 -9
109.5 52.5
-88 54
-100.5 58
23 40
-59 -10
21.5 53
-74 53.5
119.5 65.5
-112.5 54.5
-65.5 -17
-92.5 34.5
62.5 59
-100.5 17.5
91 67
105 33.5
-68.5 -11
108.5 29.5
30.5 40.5
103.5 59
133.5 34.5
-58 -1.5
135 -4.5
88 26
64.5 65.5
21 54
51.5 67
-142.5 68
150 62.5
100.5 67.5
-118.5 36
12 -4.5
100 31
-111.5 40
114.5 33.5
122 13.5
140.5 58.5
-58 52
85.5 56.5
6.5 61
45 61
61.5 56
104.5 55.5
-65.5 50.5
-73 -46
-7 42.5
-68.5 54.5
102 52
-63.5 54.5
111.5 40
118.5 64.5
114.5 70
96 55
134 69
25.5 63.5
-116 44
5.5 58.5
27 65.5
-90 17
0 52
-48.5 -6
60.5 61.5
-91 55.5
42 56
99.5 7.5
93.5 52.5
112 -2.5
11 55.5
32 58.5
96 30.5
-74 52
-79.5 36.5
99.5 26.5
40 60.5
21.5 57
-63 0.5
-73 -11
10 49.5
135 55.5
18 0.5
-89.5 44.5
120 61.5
-63.5 58
128 0.5
96.5 21
29 64.5
12.5 50
9.5 51.5
106.5 -7.5
100.5 29.5
27 53
38.5 56
-86.5 35
-92 36.5
112.5 50.5
159.5 53
18.5 2.5
-90.5 56.5
9 -1
7.5 52.5
91 26
121 63.5
30 54.5
128 43.5
110 65
27 66.5
-147 67.5
133.5 69.5
154 64.5
-53.5 -1.5
121.5 63
29 66.5
-74 44
122.5 39.5
99.5 51
-7.5 33.5
-71.5 46.5
-5.5 5
90 62.5
13.5 -6.5
-143 67
143 50.5
-96 52.5
-4.5 5
101.5 54.5
149.5 -6
-8 6
51.5 64.5
91 54.5
97 58.5
12.5 49
-117 60
109 62
63.5 63
132.5 56.5
149 -6
-81.5 33.5
-67 -10
96.5 54
122 68.5
90 25.5
110 23.5
108.5 30
-106.5 56
147.5 -42.5
113.5 62.5
139.5 -3
74 34
-77 35.5
52 65.5
111 63
-132 57.5
48 66
-110.5 56.5
15.5 58.5
131.5 66
23 50.5
92.5 58
-77 -5.5
97.5 58.5
62.5 64
-92.5 36
14 1
-75.5 -3
-98.5 60
159.5 65
-73.5 42.5
105.5 59.5
-68.5 -12.5
64 63.5
144 -7.5
96 5
131.5 -1.5
89.5 59.5
-81.5 43.5
92.5 60.5
-90.5 49
145.5 -18.5
-75.5 6.5
105 65
-112 60
-10 6
128.5 41.5
140 35
102.5 64
-76 -1
-102.5 52
-71.5 -15
111 28.5
125 55
114.5 24.5
-121.5 61.5
8 47.5
25 66
103.5 60.5
73.5 59
145.5 -37
-66 -18.5
-63 56.5
142 66.5
-7.5 7
134 -6.5
-78.5 50
17 1
25 -3.5
23 3.5
29 40
22.5 -4.5
112 70
117.5 24.5
114.5 61.5
18.5 -0.5
124.5 59.5
38 40
135 51
37.5 14.5
-98 51
158 67.5
118.5 54.5
-81 39.5
105.5 62.5
114 50.5
17 45.5
120.5 64
-91 36.5
91 52.5
119.5 51.5
110.5 56.5
18.5 43
152 66
-120.5 54
33 41
22.5 0.5
-124 55
44 56
-75.5 -50.5
24 1.5
113 34
120.5 16.5
127.5 52
107.5 48
48.5 -17.5
24 0.5
27.5 65
34 59.5
62 61.5
104 22.5
141 -6.5
18.5 43.5
105 56.5
-75.5 -50
117 24.5
-2 52
155 66
-116.5 54.5
131.5 45.5
-131.5 55
7 46.5
91.5 56
103 52
116.5 25.5
104.5 27.5
-66.5 56
28.5 58
116 -34.5
107 48.5
71 59.5
88.5 26
-74.5 -43.5
-73 -8
-105 58.5
-85.5 34.5
-127.5 67
-76 49.5
104 55.5
-105.5 36
101 60.5
-68 -4.5
6.5 60.5
103 60
121 13.5
104 63
103.5 -2
20 66
-118.5 65
111 66
20.5 65.5
57 61.5
-82.5 40
15 60.5
63.5 61
-56 -8.5
-83 36.5
152 67.5
120 29.5
109.5 32.5
3 47.5
88 59.5
167 67
23.5 2
91 25
77.5 33
109.5 64
30 2.5
-115.5 53
56.5 55.5
104 18.5
121 12.5
-75.5 -2
116.5 32
88 57.5
116 27.5
97.5 50
147.5 65.5
168 -45
116 28.5
-0.5 52.5
39.5 57.5
11 62.5
-83 49
-94 36
132.5 50
87.5 50
164.5 68
148 -10
-51 -2
97.5 0.5
-65 44
74 33.5
44.5 55.5
-135 63
-62 45
-53 -7
116 31.5
112 67
-85.5 51.5
-119.5 53.5
-85 10.5
-57.5 4.5
136.5 37
126.5 70
119 62
17.5 46.5
130 50.5
6 51.5
139 -4.5
105.5 31
-72.5 55
-134 65.5
-74 2
-111.5 57
-123 63
27 43.5
172 64
41.5 61.5
17 69
-89 53.5
116.5 56
114 55.5
98 28
116 32
125.5 7.5
97 52
101.5 15.5
98.5 60
104.5 32.5
108.5 25.5
-77 6
130.5 66
-71.5 -54
161 55.5
19 50.5
140 49
26 51
139 59
160 54.5
-49.5 -2
12 54
125.5 62.5
112.5 28
120 30.5
-157.5 63.5
102.5 -1
-71.5 52.5
108.5 60.5
97 4.5
-121 64.5
28 39
-75 0
-66.5 54.5
52.5 65
103 4.5
30 54
126 70
-103.5 59.5
58 66
27.5 47
98.5 21.5
-77 38.5
-128 66
121.5 47
127.5 53
15 -2.5
-76 -9
148.5 -25.5
90.5 66.5
63 57
149 -10
-71.5 -13.5
28 2
117.5 37.5
17 49.5
176.5 -39.5
140.5 63.5
100.5 28.5
64.5 58
-95 31.5
130.5 57
-62 52
104 30
119 32.5
-56.5 -2
28 55.5
136.5 66
-88.5 31
22 45
-83 38.5
122 60
129 62.5
57.5 65.5
8 49.5
-2 52.5
-124 49.5
79.5 64
157.5 66
142 49.5
56 62
110.5 33.5
133 35
117.5 -35
98 4
134 62.5
137 52
25.5 -2
-100.5 55
58 65
-95 35.5
87.5 61
124.5 54
133.5 59.5
29.5 67.5
128.5 36.5
-49 -25
-64.5 -4
134 47.5
90 58
17 63.5
24.5 1
3 49
110 21.5
130 53
-81 51
-72.5 42
-132.5 63.5
154.5 67.5
143 42.5
-88.5 45
134.5 44.5
22.5 43
-122 64
14.5 60.5
149 66
150.5 -28.5
-49.5 -25
117 6
-54.5 -5
149 -36
124 52.5
-155.5 62
120.5 60
2 45
-64.5 5.5
128 58
125.5 40
23.5 62.5
139 58.5
111 29
-67 -17.5
15 45.5
-57 -9
24.5 65.5
10.5 61.5
-39.5 -15
116.5 0
95 29.5
119 26
27.5 -3.5
153 69
119 65
112 37.5
103.5 20.5
-69 -3
27.5 4.5
-120 58.5
31 50.5
101 65
21.5 -4
-61 0
-77 -4.5
27.5 2
108 22
-93 17.5
6.5 6
50 64
115.5 29.5
23.5 55
99 64
-116 60
109 59.5
-135 58
-41 -19.5
144 59.5
115.5 54.5
42.5 65.5
96.5 20.5
4.5 48.5
91.5 66
-114 58
110.5 57
2.5 47
111.5 55
98 18.5
107.5 11.5
-61 1
107.5 57
28 0
-110.5 40.5
14 50.5
-123 55.5
-155 63
139 49
87.5 68
146 -37.5
118 25.5
26.5 -3
142 59.5
107.5 11
-71.5 -2
36 40
19 51
90 61
-156 63.5
-150 64.5
15 58
162.5 57.5
103.5 56
15.5 65.5
-91.5 30
-78 0.5
139 -5.5
126.5 53
89.5 64
152 -27
107 55.5
-61.5 -14.5
115 58
-112 55.5
27 47.5
24 50
130 51.5
-4 6.5
84.5 66.5
-86.5 31
26 3
15 1.5
-110 63.5
-76.5 -5.5
48.5 66
144 63
100.5 -1
87 58.5
56 66
-77 -3
-123.5 63.5
39 62.5
7.5 50
26 5
108.5 11.5
26.5 53
-133 60
-150.5 67
-85 15
90 68
-106.5 39.5
89 58.5
116 34.5
15.5 49
119 34.5
110.5 50
118 68
-93.5 33.5
140.5 70
-102 56.5
-3.5 54.5
-69 45.5
120 63
-63 2
-7 54
-95 46
166.5 -15.5
40.5 57.5
142.5 52
91 58.5
28.5 -32.5
118.5 35
24 42
62 62
125 11.5
79 63
-105 62.5
-161 63.5
-78 44
35.5 7
108.5 67.5
-107 26
83.5 50
-62.5 54
28.5 61.5
7 50.5
148 -24
102.5 51.5
-128.5 52.5
-111 61
37.5 37
52 57.5
-147 64
87.5 63.5
99 21
-71 9
103 20.5
-101 55.5
94.5 29.5
-84.5 11.5
32.5 68
-74 -7.5
100 21.5
-77.5 40.5
101.5 -2.5
10.5 52.5
-70 47
99.5 58.5
159 55
79.5 50.5
125.5 52.5
-50.5 -5.5
135 56
-76.5 4
91.5 56.5
24 54.5
68 58
117 60.5
-86 38
123 7.5
149.5 60
34.5 57
124.5 56
13 42.5
105.5 61.5
153.5 68.5
-49 -6
106.5 63
22.5 3
100 61
91.5 63
60.5 66
113.5 38.5
64.5 61.5
136 56
13 2
-83 29
90 65
25.5 48
118.5 60.5
144.5 43
152 -30
-66.5 0.5
78.5 59.5
25.5 59
-65 55.5
102.5 64.5
138.5 51
38.5 55.5
18 43.5
83 59
111 62
20 49
94 20.5
11 60
120 0
46 40
31.5 57
-71 46.5
-77.5 45.5
17 2
128.5 -3.5
-68.5 -10.5
81.5 7
89.5 63
16 54
-124.5 67
16.5 44
11.5 61
45.5 61.5
99 62
-77 55.5
-92 53
-55.5 0
53 56
117 6.5
4.5 45
123 63
-0.5 46
112.5 25.5
91.5 27
-113.5 58
98.5 19
113 32.5
-82 28.5
122.5 59.5
142 47.5
142.5 -6.5
-72 -53.5
103 69.5
149 -23.5
44.5 64.5
61.5 59
-82.5 27.5
39 57
107.5 56
38 57.5
48 -14
104 61
17.5 49
-125.5 61.5
35.5 52
-2.5 42.5
142 67
36.5 58
-65.5 44.5
6.5 48
-82 40.5
89 23.5
-67 50.5
96 57
96.5 17
104.5 65.5
34.5 40.5
80 51
31 37.5
101 -1.5
-105 61.5
90.5 63.5
20 1
-61.5 -0.5
153 62.5
111.5 -2.5
18.5 -6
149 67
-75.5 0
-60.5 53
1 45
114.5 37
103.5 20
145.5 68
-51 -6
104.5 29
115 35.5
122 40
4 7
34 57.5
27 -3.5
60.5 55.5
-133 53.5
67 65.5
-52 -6
-94.5 50
21.5 56.5
12 44.5
24 63.5
18 50.5
-163 62
113 30.5
55.5 57.5
-83 37
70.5 56
101.5 52
81.5 29.5
-58 -8
18.5 53.5
115 36.5
27.5 55.5
147 -28.5
96.5 27
110.5 22.5
27.5 43
109 32
30 57
105.5 57.5
101 20.5
0 42
-85.5 40
115.5 69.5
49.5 -15.5
-70 -13.5
-66.5 -6.5
34 40
-61.5 -11.5
140.5 64
154.5 59
27 -33
-110.5 44
34 56.5
19.5 67
11.5 -1.5
103 58.5
-71.5 54.5
56 64.5
-128.5 57.5
65.5 62.5
-7.5 42
110.5 68.5
5 52
87 50
-55 -13
81 61
-122 59.5
9 53.5
98 64
120.5 58
21.5 -2
124 58
27 63.5
-145 61.5
-77.5 -5.5
102 25
89.5 68
106.5 67
174 -36
-59.5 6
52 61.5
132 58.5
57 58.5
-6 54.5
87 63
-107.5 39.5
103 62.5
-74.5 39.5
106 29
23.5 -3
-49 -7
77 31
135 -4
118.5 37
50.5 65
32 62.5
122 55.5
-58.5 -0.5
129.5 49
-2 54
128 44.5
108.5 31
110.5 -0.5
161 57.5
26 63.5
115 56.5
124 59.5
-5 38.5
154 62.5
81 64.5
78.5 57
-103 64
139.5 -3.5
103 24
7.5 44.5
103.5 59.5
133 53
-81 39
155 64
110.5 34
-55 -11
-65 0
-122 48.5
117.5 60.5
101 6.5
99.5 58
43.5 54
52 56
-136.5 61
90.5 59.5
121 60.5
99 50
114 70
-116 48.5
11 61.5
-60 52.5
18.5 2
27.5 64.5
125 12
106.5 50.5
112 33.5
65 57.5
135.5 50
21.5 68
87.5 58.5
-134.5 57.5
148 61
15 -1.5
64.5 64.5
-53.5 -8.5
4.5 51
18 -3
-67 -5
27.5 50
99.5 11.5
18 68.5
52 55
148 -36
65.5 66
119.5 28
115 62
-123.5 64
-60.5 -8.5
38.5 14
9.5 -2
-92 49.5
-52.5 0
77.5 9
127 48
-86 46
-122.5 42.5
119 61.5
81 60
104.5 52.5
101.5 50
-61.5 -8
-55.5 -5
85.5 60
12 64.5
-80.5 -1.5
-66.5 -16.5
-83 31
111 25.5
107.5 49.5
107 49.5
109.5 30.5
22 -1
41 44
118 57.5
14 57
27 56
44 60
-94.5 35
59 59
-119.5 62
24 58.5
16.5 -1
102 3
19 52.5
91 27.5
106.5 53
-75.5 5.5
76 32
-105 20
133 66.5
-59.5 53
-104 55
93 54.5
38 57
117 4.5
110 33.5
110.5 61.5
96 55.5
-8 40
84.5 50
-135 60
-75.5 -11.5
15.5 40
106.5 55
-59.5 -34
-123 57.5
124 50.5
116 26.5
34 41
94 55
-73.5 -8
-3.5 34
-70 44.5
57.5 63
97 25
122 66.5
101.5 25.5
-85 11.5
39 13.5
120 66
120.5 52
-153.5 64.5
105.5 -4.5
9 44.5
121 55.5
120 -3.5
112.5 66.5
79.5 30
132.5 63
98.5 53.5
-114 56
89 60.5
128.5 44
49.5 63.5
144.5 62.5
146 -6
-78 53
123 64
115 66.5
-9.5 53.5
161 57
112.5 70.5
-146 64.5
149 62
-77.5 36
56 58
-59 -7.5
136.5 46.5
101 67
-130 58.5
86 65.5
-69 3
36.5 68
-66 -19
63 58
39.5 64
-119 63
-83.5 33.5
161 58
-131.5 62
103.5 -3.5
131 58.5
111 32
-142.5 62.5
45 58
94 29
121.5 67.5
147.5 66.5
-59 52.5
130.5 32
-143.5 67
122 62.5
82.5 65.5
47 62.5
-109 45
115 -4
121 48
-150.5 66
30.5 61.5
23.5 -3.5
62.5 64.5
-60 -1.5
-72 -39.5
-89.5 31.5
27 -4
21 52
136 46.5
-64 55.5
24.5 47
20.5 50.5
-134.5 67
92.5 53.5
115.5 0
149 -32
92.5 24.5
-6.5 52.5
-96.5 50.5
-59.5 -29
115 33
19 -2
110.5 65.5
125.5 38
-68.5 1.5
-52.5 -12.5
36.5 55.5
123 10
0.5 51.5
14.5 56
-69.5 58
129 66
34 58
49 58
-111.5 59.5
129 48.5
115.5 -34.5
63 59.5
-51 -1.5
-62.5 45.5
133.5 56.5
15 63
-62 -9
78.5 30
-70 46
32 64.5
-63.5 3
113.5 65
98.5 18
149 -22
157.5 68
118 25
103.5 10.5
-78 36.5
84.5 54.5
-9.5 7
50.5 66.5
-73 56.5
117 38
36.5 55
106.5 57
11 3
19 -7
-85.5 42
107.5 24.5
74.5 58.5
53 61.5
84 50.5
21 1.5
-85.5 13
100.5 53.5
114.5 54
-135 67.5
-77.5 38
-40.5 -19.5
-122 47.5
136 51
27.5 -3
18 46.5
95 16.5
11 63
49 64.5
-92 48
20 44.5
37 59.5
154.5 -6
36.5 64.5
11.5 3.5
115 3
101 50
135 34.5
-62 56.5
56 53.5
-70.5 -8
112.5 67.5
-92.5 48
140.5 60
101 70.5
-67 0
100 7
144 67.5
-9.5 53
-54 -3.5
-67.5 58
-85 41
115.5 52.5
-68 -9.5
105.5 63
92 25
101.5 4.5
87.5 65
67 62
142.5 -4.5
27 -2.5
113.5 1.5
-66.5 50.5
90.5 57.5
99 53.5
-55.5 -10
9.5 44
44 59.5
-75 42.5
-64.5 -2.5
-70 52.5
133.5 59
164.5 67.5
104.5 -5.5
-128 59
26.5 67
115 63
134 52
113 64.5
-59.5 0
97.5 52.5
-99 19
97.5 58
119.5 60
-59.5 -6.5
62 56.5
-148 67
12 52.5
83.5 51.5
-99.5 21.5
-83.5 54
-73 8
58.5 60
127 35
119.5 58.5
86 67
98.5 20.5
133 47
43.5 54.5
22 50
34 51.5
104 -2.5
28.5 67.5
21 43
147.5 -41.5
76.5 59
-123 54.5
120 65
-66.5 51
-61.5 -4.5
30 60.5
-84.5 33.5
-157.5 65
11 53.5
-78.5 53.5
93.5 19
73 63
123 50.5
112 69.5
32.5 53.5
58 62.5
15.5 47
56.5 59.5
51 57
-127.5 54.5
32.5 55
9.5 47
24 55
115.5 57
137 67
115 38.5
-129.5 53.5
99.5 20
63.5 65
-149 65
34.5 56.5
106.5 54.5
49 62.5
50.5 60.5
-74.5 -8
-49.5 -2.5
-115 47.5
142 45
74.5 65
-106 59
158.5 53.5
22.5 -1
126 54.5
1.5 46.5
74.5 15
137.5 -3.5
-124 53
43 65.5
16 67
148.5 59.5
-62.5 53.5
147 -37
109.5 50
-55 0
101 64.5
-85.5 32
-6.5 36.5
-70 45
-72 -43.5
125 11
126 63
74.5 59.5
-93.5 53
78 63.5
26.5 0.5
171.5 -43.5
-75.5 49
-77.5 -1
64 65
-53.5 -0.5
25.5 52
125 50.5
133.5 -2
52 67
22 1
132 58
-143 67.5
122 66
105 53
115.5 59
104 54
103 57.5
14.5 63
-5 50
-95.5 58
105.5 17.5
142 43.5
-157.5 64.5
21.5 39
-69.5 3
81.5 62
-155.5 65
34 67
22.5 46
111 22.5
-120 58
-164.5 64.5
34 62
101.5 27
-65 -2
15 52.5
-51.5 -4
124.5 64.5
-86 41.5
-63 -8.5
-123.5 43.5
143 42
-56 -6.5
29 50.5
2 43
47.5 66
126 57
125.5 53
-78.5 1.5
114.5 29.5
-68 51
22.5 54
135 44
74 15
27 53.5
118 54.5
-98 17.5
22 48.5
14.5 41.5
40.5 58
151.5 -27
113 64
80 65.5
131.5 52.5
-60 -5.5
-98.5 20
29.5 58.5
121 28.5
12.5 2
28.5 56
112 49.5
19 50
-115.5 58
-122.5 55
-70.5 1
24.5 62
71.5 60
96 51
-88 49
117.5 26
15 51.5
138 65
135 54
123 48.5
-77 5
125.5 52
26 57
89.5 67
-115 57.5
120.5 41
43 63.5
38.5 58.5
-101.5 19.5
111 53
-84.5 54.5
-145 62
55.5 65
98.5 18.5
-8 33
112 0.5
12.5 46.5
102.5 22.5
88 52.5
156.5 55
-66 50.5
19 65
-73.5 -5.5
137.5 -5
158.5 54
121 0.5
54.5 66.5
35.5 52.5
-83 8.5
134 57
22 1.5
106 32.5
31.5 57.5
124.5 69.5
116.5 53.5
-56 -5
-92.5 45.5
-55.5 -2
135 67.5
-60.5 -33.5
47 63
104.5 29.5
141 67.5
111 21.5
29.5 2.5
105 28.5
41.5 54
110 1
115 2.5
160 59
-92 32
52.5 59.5
128.5 40.5
97.5 19.5
-61.5 53
10 46.5
-62 4.5
-102 61.5
-102 19.5
34.5 51.5
-80.5 35
-94 32.5
73.5 65
25 55.5
42.5 53.5
99 62.5
86.5 62
136.5 54
106.5 62
28.5 -1
-75.5 -8.5
-97 20
119.5 59
107.5 32
108 -7.5
-73 -38.5
164 67
46.5 60
120 67.5
-88.5 55.5
114.5 23.5
110.5 61
-63 -10.5
-86 36
17.5 2
124.5 58
115 53
146.5 62.5
136 61
13.5 57.5
25.5 -2.5
135 51.5
0 49
-60 0
106 67.5
108 33
130 66.5
22 40
-117.5 49
116 58
129.5 55
141 67
101 29.5
27 52
58 62
105 59
117.5 27.5
-72.5 -8.5
100 66
-112 34.5
12 48.5
26 -4
-130 65.5
99.5 65
-83 33.5
146.5 -43.5
104.5 33.5
-121 52.5
104.5 60.5
28 56
-84.5 46
-73.5 48.5
-58 -0.5
42.5 40.5
-108.5 62
-134.5 59.5
43.5 60
138.5 36.5
6 62
53.5 62
-58 48.5
-78.5 49.5
115 68
85 54
-86 33.5
71 65.5
40 58
120 52.5
-77 -5
136 -4
121 58
125 59.5
48.5 55.5
132 -1.5
-99.5 54
88 68
-77.5 39
118.5 67
14.5 58
52.5 55.5
65 56.5
57 52
-8 5.5
84.5 28
12 -4
55 56.5
33.5 58.5
-101.5 58
94.5 21
-2 55
-117 65
116.5 1
-52.5 4
94.5 16
-101 60.5
66.5 64.5
65.5 64.5
122 60.5
-142 65.5
-74 1
-47 -4.5
69.5 65
106.5 55.5
44.5 56
-80 37
83.5 59.5
112.5 2.5
125.5 7
31 67.5
131 47
48.5 59
134.5 67
125 68
107.5 -7
103 27.5
135.5 -4.5
156 63
137 56
108 65
-92.5 44.5
31 52
144.5 -5.5
82 62.5
126 41.5
11 44
116 63.5
127 60
9.5 48
-64.5 -6
1.5 42.5
128.5 46
130.5 32.5
-137 66.5
142.5 42.5
-77 -7
32 54.5
107.5 54.5
123 70
61 59.5
129.5 51.5
31 59
-65.5 5.5
15.5 64
-6 5.5
43.5 42
111.5 49.5
139.5 53.5
32.5 51.5
-93.5 16.5
-55.5 -4.5
142.5 44.5
-101.5 55.5
53.5 36.5
9 48
5.5 44.5
-116 54.5
93 24.5
-124 45.5
89 26
150 -27.5
23 45
91 55.5
-78 -7
153 -28.5
86.5 50.5
16 -2
90.5 52
101.5 63
26.5 -4.5
110.5 28.5
61.5 56.5
59 66
17 45
24 -3.5
93 60.5
102 66
82 58.5
-61.5 -1.5
40.5 40.5
93.5 26.5
19.5 66.5
30.5 40
-76 5
10 51.5
84 57
-57 -5.5
118.5 29
120.5 31
-68.5 -5
-56 52
152 62.5
111 -2
28.5 62.5
114.5 -3.5
33 52
133 50
71.5 62
114.5 39.5
116.5 54
26.5 62
-2.5 5
-152 65
32 48.5
35.5 41
95 62
116 -32
96 54.5
118.5 66.5
101 24
-93 38
-60.5 -52
-70 -12.5
129.5 43.5
140 52.5
-54 -9.5
127 41.5
-74 6
-3 50.5
164 62
80.5 7.5
12 58
80 61.5
17 59.5
82.5 53.5
156 66
20 43.5
45 56
21 49
121.5 68.5
113.5 69
-103.5 54
106 57.5
79 29
-122 54
-109 28.5
9.5 52.5
117 26
135 53.5
49 60.5
100 25
17.5 44.5
-128 53.5
49.5 59
87.5 27
76.5 60
14 -4.5
143 63
-84 10.5
-93 48.5
16.5 48.5
142 60
10 -3
25 3
21.5 42.5
-62 -5.5
134 -3
-122.5 37
147 -25
-124 39
56.5 64
110 52.5
19 63.5
94.5 65.5
28 64
-67.5 44.5
-102 60.5
97.5 18
110.5 53.5
-62.5 -2
-129.5 68
32 64
-79.5 -1.5
112 25.5
80.5 64.5
48.5 38.5
-66.5 2.5
-122.5 42
127.5 65
29.5 65.5
32 49
16.5 52.5
-124 51.5
-72 1.5
-60 -3.5
-67.5 -11.5
118 30
-115 66
2 47
102.5 58
22 68
24.5 3
24.5 44
147 67
-139.5 61.5
-85.5 46.5
-154.5 66
-125 60.5
-7.5 43
36.5 60.5
179 -17
53 57.5
146 69
26 64.5
33.5 51.5
-116.5 66
97.5 61.5
37.5 10.5
-55 -12.5
88.5 54
118 52.5
129.5 52
134 60.5
96 17
-123 46
45 59
107.5 23
132 60.5
135 66.5
18 52
-93 17
57.5 57
94.5 27
106 55
18.5 -5.5
18.5 -3
-73.5 46.5
116 68.5
-68.5 49
19.5 41.5
40 61
-53 -8
131.5 48.5
106.5 16
40.5 65.5
119 66.5
87 62.5
-2 6
109.5 60.5
-122 57.5
-118 53.5
136 53.5
160.5 59
102 28.5
115.5 53
-122.5 48
-98.5 55.5
161 54.5
152 -26
-10.5 7
-85 35.5
-90.5 14.5
107 23.5
125.5 64
-94 56
79 57
24.5 49
110.5 59
158.5 54.5
-113.5 59.5
-65.5 45.5
-116 63
110 36
16 50.5
116 35.5
-116.5 51
51 57.5
131 54.5
91.5 62.5
116.5 68
-60.5 -1
-76 42
-54.5 -2.5
133 46.5
-94.5 30.5
-90 51.5
120.5 13
22 0.5
87 26.5
113 63.5
-111 61.5
6 58.5
-116 66
134.5 59.5
123.5 63.5
14 53
135.5 60.5
-88.5 35
117.5 42
-91 15
-123.5 47.5
43 53
-72.5 45
117 36
102.5 52.5
-157 65.5
77 62
135.5 34
18.5 68.5
-96 49
105.5 52.5
-55 -12
15.5 3
110 53
-80.5 49
146 -39
128.5 51
25 67
124.5 65
-84.5 15
117 63.5
13 50
-92 34
17.5 -4.5
-80.5 44
29.5 67
127 50.5
47.5 55
128.5 37
-94 48.5
148.5 -28
-57.5 49.5
99 3
28 62
113 67.5
-3.5 47.5
-52 -6.5
29.5 55
89 62
-76 -4.5
-77.5 44.5
130.5 50.5
-128.5 66.5
155 68.5
86 62.5
110.5 51.5
152.5 -28
-73.5 46
131.5 61
-68 56.5
156 68
133.5 60
-124 45
-63.5 0.5
-112.5 56.5
-66.5 1.5
90 26
-110.5 55
13.5 10
102 4.5
136.5 62
116 62.5
116.5 2
141.5 -7.5
-104.5 59.5
138 52
-112 54.5
118.5 63.5
-79 -4
-8 41.5
41.5 59
-97 57
-89 30.5
30.5 52
134.5 56.5
-68.5 47.5
108.5 53
-77 51
40.5 43
-122 40
97.5 15.5
28.5 0.5
-73.5 -41.5
-97.5 50.5
30 37.5
113 31.5
-157.5 61.5
-147 65
-60 -31
-100.5 54
110.5 22
-71.5 45
33.5 64.5
26.5 3.5
1 51
-70 -2
101 56
13 47.5
-67.5 -2.5
-106.5 55.5
108 66
45 59.5
-84 42.5
104.5 23
20 4
-48.5 -3
82.5 55
106 68
15 66.5
-56 48
127 58
103 51.5
35 53
15 -6.5
-87.5 50
25 51.5
161 56.5
-114 48.5
98 22.5
78.5 60.5
-86.5 42
-96.5 55.5
44.5 64
-78 47.5
25.5 3
-106.5 26
80.5 60.5
16 65.5
134.5 52
-70 50.5
55 56
157.5 55
161 65
65 59.5
41.5 42
97.5 60.5
121 68
-111.5 61.5
151 65
130.5 44.5
-66.5 -5
137 35
-155.5 60
41 60.5
-63.5 1
-59.5 54
-74.5 41.5
-57.5 -11.5
40.5 43.5
49 62
176 -38.5
15.5 41.5
-125.5 67
126 67
129 53.5
-146 67
138 57.5
44 53.5
25 54
-70 -2.5
28.5 66
-63 3
-65 2.5
-100.5 17
131 57
52 63.5
102 13
-120.5 61.5
83 64.5
49 56.5
39 40
-123.5 61
137 46
129 52.5
118 63.5
108.5 30.5
51.5 55.5
126 51.5
98 54.5
134.5 49.5
111 -3
-73 -48
99.5 22.5
-79 -0.5
77.5 31
59 58.5
121 41
20.5 -3.5
-129.5 65.5
28 51
20 54.5
-125 68
112 23
102 30
15 0
129.5 47.5
-83 52
131 61
34.5 40
161.5 57.5
36 62.5
-73.5 -10
5 61.5
98.5 13
-72.5 51.5
-83.5 52.5
-70.5 48
-94.5 57.5
27 4.5
-93 51.5
80 29.5
81.5 65.5
107 57
61 58.5
134.5 35
36.5 37.5
48 57
19 53
112.5 22
76 31.5
-144.5 61.5
121 45.5
-79.5 0
-74 -47
123.5 57
116.5 58.5
114 66
134.5 57
106 23.5
159.5 55
134 33.5
49.5 58
-135.5 67.5
129 49.5
28 46.5
-119.5 56
117.5 55
1.5 43
24.5 64.5
116.5 36.5
-86 43.5
-57.5 1
34.5 55.5
134.5 60
-60.5 -3
149.5 -28.5
121.5 64
120 28.5
149.5 -26
130.5 42.5
-45.5 -2.5
134.5 59
-106.5 60
-124.5 63
-68.5 44.5
110 32
91.5 25.5
-123.5 41
59.5 56.5
26 67.5
118 5.5
-121 49
-75 55
35 51.5
158 53
-131.5 68
23 51.5
-53.5 4
117 1
148 68
92 62
30 52
110 19.5
155.5 50
161.5 64
49 58.5
13 3
-61.5 0
-76.5 -10.5
-49.5 -28.5
28.5 57.5
129.5 45
92.5 51.5
88.5 64.5
63 64.5
28.5 1
115 67.5
89 27
30 57.5
-66.5 -1.5
95.5 58
99.5 15
-163.5 64.5
29.5 54
37.5 60.5
35.5 54
122 67
122.5 64.5
21 67.5
47.5 42
-65 4
159.5 53.5
23.5 49
-84 40.5
59.5 62.5
21.5 3.5
23 -2.5
99 20.5
132 66
-67 -4.5
78.5 30.5
86 60.5
122.5 48.5
131 51.5
-120.5 60.5
92 57
111 1.5
35.5 66.5
-71 -15.5
121.5 24.5
53 62
88.5 27
-62 54.5
120 53.5
87 65.5
-114.5 58
130 55.5
15 45
98.5 21
69.5 63
-67 52.5
21 48.5
100 24.5
29 60.5
-129 66.5
-53.5 -13
31 67
115 26
81 29
-66 2
63 65
126.5 34.5
-71 48.5
104 60.5
61 61
136.5 -4.5
117 54.5
-131.5 57.5
106.5 70
115 36
106 65
127 43.5
-65.5 -21
89 24.5
-69.5 -5.5
131.5 50.5
87.5 62.5
20 63.5
88.5 68.5
-120.5 51
98 3
152.5 -31.5
150.5 -24
151 -5.5
-55 -1.5
7 52.5
-54.5 0
-85.5 14
112 -1.5
-109.5 61
105.5 51
-119 60.5
22.5 47.5
98.5 64.5
42 40
156 67
7 5
42 61.5
144.5 -7.5
99.5 56
7 5.5
152 69
128 63
68.5 56
88 53
59 57
107.5 59.5
-60 -10.5
111 -0.5
116.5 26.5
18.5 45.5
90.5 62
115.5 67.5
105 23
26 45
94 59.5
44 54
15 46
14.5 45
104 65
-75 52.5
135.5 58.5
-78.5 7.5
114.5 68
92 22.5
-64.5 -11
114 67.5
108.5 -7.5
71.5 58.5
-145.5 64.5
-76 43
-101.5 60
99 64.5
84.5 64.5
-77.5 39.5
-90 33
-2 6.5
95 69.5
117 30
97 59.5
21.5 1
27 61.5
17 50
106.5 33
99.5 2.5
93.5 64.5
94.5 18
145 -37.5
15 67.5
12.5 53
96 65
-87.5 13.5
126 64
27.5 47.5
74 57.5
-77 52.5
92.5 27
-101.5 52
101 58
-67 -1.5
41 54.5
54.5 65.5
36.5 53
60 64
100.5 66
88.5 68
114 36.5
55 65.5
-79 -4.5
54 59
-74 -1
35 63.5
-54 -27
-87.5 37
24.5 -2
25.5 46
-63 3.5
-89.5 55.5
-70 -10.5
163.5 65.5
175 -39.5
58 58.5
-75 47
-73 41.5
-98 56.5
125.5 64.5
24 1
13.5 48.5
12 2
-114 64
12 61
8.5 5
75 62.5
-48.5 -5.5
115 23
107.5 62
-126.5 69
142 50.5
152.5 67
-96 53
51 55.5
-73.5 -8.5
97 27
-72 -40
160.5 66
127.5 62.5
106 63
20 54
-114 57
-102 60
121 -3.5
-2.5 7.5
158.5 53
112 26.5
11.5 63
-65.5 0
-75.5 3.5
58.5 63
114.5 55
-70 -3.5
17 44
-84 30.5
-70 -7.5
-155.5 59.5
51.5 56
84 51
107.5 52
76.5 31.5
134 61.5
-66.5 57.5
137.5 47
-109.5 43.5
92 58
0.5 46.5
111.5 37
54 36.5
100.5 63
3.5 50.5
20.5 -1
22.5 49.5
111 60
32.5 54
51.5 66
-81.5 51
-68 44.5
0.5 52
126.5 41.5
104.5 24
34.5 61
169.5 -44
14.5 47.5
123 41.5
-101 58.5
163 68
-119 54
33 62.5
-93 55
23 0.5
-50.5 -6.5
-61 7.5
34 64
82 63
-105.5 62.5
138.5 53
118.5 55
101.5 65.5
100 1.5
98 26
100.5 47
-53 -0.5
-74.5 52
-109 57.5
-102.5 64
19 0
-66 54.5
107 50.5
25.5 53.5
163.5 67
99.5 0.5
132 49.5
100 -0.5
36.5 50
96.5 64
-77 8
114 -2.5
-119 58
0.5 45
102 23.5
-84.5 34.5
-67 -1
122 17
-82.5 39.5
114 28.5
145.5 -41.5
99.5 22
127.5 -2
108.5 24
-115.5 51.5
29 62.5
103 11
110 69
-117.5 60.5
66.5 60
28.5 51
-146.5 65.5
103 16
109 69
16.5 62
37.5 40
-88 56
22 56.5
67.5 60.5
120.5 68.5
-68 3
111 68
121.5 56.5
-89.5 46.5
120.5 57.5
108 54
136 66
93 64.5
-66.5 -55
30.5 51.5
57.5 63.5
98.5 23.5
61.5 66
113.5 -1.5
-107 61.5
-124.5 55.5
-104.5 55.5
99 50.5
106 30
116 -2
-66 -6.5
46 62.5
-81.5 36.5
103 33.5
0.5 47
-71 -3.5
-72.5 43
-147.5 65
115 70.5
-57.5 53.5
17 59
64 60
27.5 50.5
17 65.5
108 57
-76.5 47.5
-132.5 60.5
-85 35
-87 34.5
32 63
11 42.5
128.5 42.5
-79 49.5
6.5 53
-125 51
109.5 66.5
-66.5 56.5
108.5 24.5
115.5 4
133.5 58
137.5 57
60.5 62.5
130 64.5
28 -3.5
140 39
-99 59
-160 66.5
-95.5 30
138.5 -7
134 59.5
110.5 50.5
111.5 25
102 30.5
79.5 58
63 65.5
-77.5 4
97.5 21.5
145 68.5
-57 0
103.5 32.5
-98 61.5
-3 41
102.5 53
139.5 59
-52.5 -2
-79 38.5
-70.5 0.5
-59 51.5
28 -6
111 50.5
133 -1
78 59
-75.5 43
-69 -15.5
-113 57
-116.5 48.5
-57.5 53
25.5 -3
-53 -9.5
23.5 47
116 -3
-74.5 51
111 67
125 8
101 -2
31 40.5
-105 62
131 58
61.5 57
131 44.5
31 54
-7.5 41.5
-72 50
123.5 51.5
-53.5 -3.5
-57 -7.5
47.5 -21
30.5 64.5
102.5 31
-57 4
-68.5 -13.5
-106.5 41
-59 -1
22 2
54 58.5
-52.5 3
-78 0
42 60
-61.5 54.5
-75 -3
126.5 36.5
24.5 4.5
-3.5 41
63.5 60.5
105.5 61
95 16
159.5 67.5
108 59
110.5 49.5
27.5 2.5
69 61.5
-54.5 -8.5
83 56
107 53.5
-78.5 39
78.5 65
132.5 35
52 59
105.5 26.5
56 54.5
62 64
132 55
136.5 57.5
110 25.5
-71.5 -14
113 0
152.5 59
14.5 49.5
-80 34
108.5 68
17 -4.5
-88 35
134 46.5
28 -1
130.5 -1.5
113 -1.5
-55.5 -10.5
104.5 26.5
-10 6.5
-48 -3.5
-78 49.5
-83.5 39
138 50
99.5 56.5
94.5 19.5
7.5 59
86.5 55.5
10 54
10 57
163 66
-77.5 7.5
159 65.5
120 36.5
16 64.5
-52 2
17.5 60
111.5 65.5
18 43
86 57
-126 66.5
28.5 59
107.5 25
16.5 59.5
-109 30
116.5 27
129 40.5
101 23.5
145.5 63
97 21
103 49
43 59
-146.5 66.5
-69.5 44
123.5 41.5
112.5 23
-95 54.5
148.5 61.5
-52 -5.5
96 52.5
137.5 59.5
100 60
11.5 42
38.5 63.5
-67.5 54
161.5 67.5
33.5 41.5
-67.5 47
12 55.5
146 -7
129 66.5
158 55.5
9.5 54.5
145 67
135 66
103 28.5
19.5 43.5
-111.5 63
117 51
-77 2
-4.5 5.5
-76 6
100 64.5
139 59.5
64.5 57
-78.5 40.5
54 54
44.5 66
22 55.5
118 66
111 36.5
132 70
102.5 28.5
54.5 66
25 64
110.5 51
147.5 -43
128 51
87 64
87.5 55
108.5 49
14 50
-130.5 58
124.5 62.5
144 -7
-67 -8
110.5 58.5
23.5 -5
121 24.5
-94 53
114 1
40 53.5
119 58
109 30.5
-89 55
-122 62.5
-102.5 58.5
-118.5 58
103.5 54.5
111 29.5
108.5 -8
21 44.5
-117 63.5
14.5 3.5
-125.5 53
88 53.5
117.5 68.5
13.5 -2.5
101 19
13.5 58
-123 42.5
57.5 59.5
-126.5 59.5
91.5 26
-125 53.5
-138.5 67.5
-64 -8.5
6 51
73 61
175 -41.5
-52.5 2
147 -9
-95.5 54
1 43.5
97 57
-89 31
29.5 52
131 52
153.5 66
-116 47.5
11 2.5
-69 47.5
36.5 54.5
14.5 49
-7.5 33
-102.5 56
122.5 66.5
-9 51.5
-52 3
129 47
-113 58
79 63.5
-66.5 -17
134.5 66
121.5 66
-132 68.5
4 51
177.5 -38.5
-49 -5
114 58.5
125.5 57.5
168 -46.5
102 24.5
97.5 2.5
86 51.5
103.5 24
115 -34.5
8 62.5
111 31.5
109.5 67.5
-80 33.5
130.5 48
121.5 58.5
-119.5 61.5
128.5 47
-101.5 55
128.5 51.5
123 65.5
29.5 49
16.5 46.5
126 52
26 2.5
-76 38.5
131 32
43 55.5
110 52
114.5 53
32 59.5
-68.5 2
-98 53.5
-134 62
-102.5 58
-155 66.5
137.5 61.5
-63 -7.5
-52.5 -27
-82 35.5
-98.5 61
99 54.5
159.5 56.5
-81.5 49
29.5 65
35 -19
132 46.5
47 66
114 62
153 64.5
119.5 -3.5
94 66
111 64
-69.5 -12.5
155.5 66
108.5 33
104.5 62.5
90 59.5
69.5 61
107.5 67
-74.5 5.5
120.5 69.5
106 63.5
131 45.5
26.5 67.5
136 63
-126 65
112.5 23.5
117.5 43
87.5 66
-126 63
100 14
87 27
68 61
-79 37.5
16.5 3.5
-61 -3.5
104 66.5
-105 56
-56.5 -9
72 57
23.5 50
15.5 66
132.5 51
84.5 61
-133.5 66.5
101.5 14
136 55.5
103 -1.5
138 56.5
109 51.5
91.5 65
-116 53.5
-69.5 0.5
-70 -5.5
-55 -8.5
61 62
121.5 54.5
-123 56.5
15 -8.5
-50 -3
148.5 67
95 61
-92 17
111.5 57.5
138 59
98.5 71
126 64.5
-63 -7
129 55.5
113 66.5
32 52
-65.5 -6.5
-74.5 -11
35.5 49.5
-118 49
129.5 42
-145 62.5
86 56.5
-62 -12
117 38.5
-69 -13
45 42
23.5 41
-87 54
37 66.5
110 -2.5
-79 41.5
139 48
25.5 2
142 46
76.5 57.5
42.5 56
152 -31
37.5 13.5
-76 52
37 9.5
-69 48
-68 -17.5
143 50
-91 35
133.5 49.5
-71.5 0
21 -6
118.5 30
94.5 22
-118 46
50 54.5
17 -3.5
94 16
114 -2
11 50
83.5 57.5
24 2.5
136 66.5
25.5 67
-70.5 -10
131.5 46.5
154.5 62
142 52.5
-58 0
126.5 66
123 13
94 58
169 61.5
93.5 20.5
96 27.5
13 53.5
110.5 53
128.5 60.5
114 57.5
118.5 28.5
-61 -9.5
158 66
-88 52
-107 53.5
25.5 58.5
-84.5 37.5
-56.5 1
-87 50.5
-126 61.5
37.5 64.5
72.5 56.5
141 -7
-56 1
118 32
14.5 57
-90 55.5
6 45.5
-145.5 64
9.5 -1
113 58.5
87.5 22.5
-90.5 32
46.5 57
-63.5 -5
-133 63.5
-73 52.5
-89 54
121 14
28 -2.5
-72.5 -39.5
-118 61.5
126.5 65
-68 -1.5
29.5 61.5
25.5 46.5
-152.5 66.5
107 52
80.5 29
124.5 64
135 65
116 51.5
60 55.5
13 61
144.5 64
154 63.5
18.5 4
124 70
-84.5 31.5
-65 -1
92 51
20.5 2.5
115 39.5
-76.5 -1
21.5 54.5
-73 40.5
12 52
113 24.5
5.5 46
27.5 57.5
-113.5 59
59 62
-78.5 -6
35.5 59.5
-79.5 35
35 58.5
93 26
-61 -4
121.5 61
127 63.5
106.5 60
118.5 25
104.5 69
101 63
91 66
80.5 29.5
112 23.5
48 60.5
53 58
-53.5 47
-56.5 -6
141.5 -5.5
16 1
168.5 64
-122.5 53
88 64
121 29
20 67
76.5 33
-104.5 53
19.5 65.5
123.5 61
31.5 49
6.5 5
55.5 56
151.5 -32
101.5 62
-62.5 54.5
150.5 -27
34.5 53
125.5 8.5
-90.5 16.5
109 53.5
137.5 -5.5
-130.5 62
108 34.5
-104 21
114 22.5
-78.5 52
23 -1.5
15 65
92.5 56.5
85.5 67
151.5 60.5
75 60.5
62.5 58.5
115.5 2.5
-99 59.5
119 31.5
-84 42
-138 60
84.5 62.5
126.5 -3.5
-80 40
-75.5 1.5
12 63
-59.5 -5
-100.5 56.5
-65 52.5
125.5 59
97 54.5
53.5 61.5
-5 34
-119 48
-3 8.5
101 62
-75.5 51
40.5 55.5
122 48
151 -34
93.5 19.5
-116 64
-58 -9.5
97.5 20.5
115.5 61
-88 34
132.5 -2
104 19.5
68.5 63
-65.5 46.5
-131.5 59.5
-120.5 59
-66 -2
25.5 48.5
114.5 -2
-59 53.5
-128.5 54
102.5 27.5
86.5 58
-67 -7.5
97 21.5
-131 63
79 58.5
105.5 67
118.5 28
-135 65.5
31 53
45.5 53.5
-111.5 56
31.5 38
-0.5 44.5
24 59
75.5 13
25 45
26.5 51.5
107.5 50
-59.5 -5.5
134.5 -4
71.5 64
-62.5 2.5
153 -28
10.5 49
21 -0.5
105 63
107 67
36 61.5
128.5 41
109.5 31
108 60
91 62.5
92 59.5
-142.5 64
10 50.5
57.5 65
151.5 63.5
13 -3.5
35 52
-78.5 39.5
91.5 26.5
1 45.5
107.5 67.5
9 56
-72 45
-127.5 61
22.5 42
91.5 63.5
101.5 0
99 63.5
2 44
18.5 3
143 -8.5
-75.5 -1.5
-79.5 39.5
-66.5 3
16 -4.5
101 16
1 48.5
156 67.5
-108 29.5
24 -5
-38.5 -13
91 57
-109 29
83.5 53.5
103 20
15.5 44
157.5 63
-159 65.5
101 5.5
143.5 65.5
-68 -6
-114 55
100.5 55.5
8.5 59.5
-68.5 -6
93 21
-149.5 65.5
22 43
134.5 51
96 4.5
-59 -4
38.5 -12
62.5 58
-91 33.5
5 45
-84 12
-85.5 39.5
-74.5 54
94.5 66
-65.5 -3
122 50
21.5 48
118 63
135.5 53
49.5 61
139 52.5
113.5 35.5
107.5 15.5
-136 66
42.5 60.5
-110 44
28.5 56.5
125 40.5
96 4
65.5 56
-79 39
109.5 0
33 62
119 66
146.5 -42.5
99 55
5.5 50
36 53
22.5 -1.5
125 51
111.5 69
129 44.5
148 -9
34.5 65.5
101 14.5
21.5 6
-77 -0.5
-4 52.5
114.5 28
151.5 -33
148.5 -27.5
103.5 50.5
-83.5 14.5
95 66
55 57
28 67
82.5 57.5
-80.5 39
83 50.5
137 50.5
154 68
118.5 27
132.5 43.5
38 56
-77 50
65.5 61.5
114 2
-68 -4
25 55
-72 2
-73 48.5
-47 -5
102.5 71
132 67.5
-122.5 61.5
23.5 60
-77.5 51.5
125.5 50
161.5 62
153 66.5
-1.5 7.5
75 14
133 60
-110 56
-62.5 -7
59 56.5
-117 58.5
-53 4.5
-57.5 -12
121 13
104.5 68
106 33
115.5 36
41.5 40.5
-1 40
104.5 32
30 37
148 66
95 54
108.5 48.5
15.5 48.5
127 56
13.5 45
136 34
117 29.5
29 0
-67.5 0.5
18.5 50.5
32 69
65 65
147 67.5
91.5 52.5
114 70.5
86.5 53
122.5 63.5
121 -1.5
20.5 48
26 62
104 26
33 53.5
-58.5 52
80.5 64
-68 3.5
-1.5 5.5
49 -17.5
134 34.5
111.5 63.5
164 60
22.5 56.5
25.5 4
-66 44
114.5 1
-125 59.5
-108.5 39.5
-85 42.5
124.5 41.5
124.5 66
16 48
121 56
109.5 27.5
-53.5 -2
172.5 63.5
-72 -1
-128.5 56.5
119.5 55
102 32.5
-76 55.5
-125.5 52
-3 42.5
48 62.5
-5.5 5.5
20 42.5
113.5 65.5
87 22
40.5 56.5
118.5 25.5
-162 67
-93.5 53.5
22 41
125 57.5
23.5 55.5
125 62.5
130 44.5
124.5 40
99.5 62
34 59
112 37
-73.5 4.5
-71 -54.5
12 4
-59 0.5
120.5 63.5
21.5 41.5
48.5 -18
109.5 -0.5
127 53
18.5 45
99 61
-66.5 5
17 63
99.5 60
131 65.5
-75 -2
96 57.5
-72 19
13.5 63
132 60
138.5 -7.5
31 55.5
112 31.5
53 58.5
-128.5 61
156.5 62.5
108 51.5
148 62
126 59.5
117.5 53
13 60.5
116.5 41
48.5 56
94.5 58
24 55.5
28.5 51.5
139 50
174.5 -37.5
26.5 -3.5
126 68
103.5 66.5
33.5 65.5
-111.5 44.5
143.5 69
-67 -4
6 47.5
21 55.5
-39.5 -14.5
81.5 62.5
107 25.5
32 51
17 -1.5
74.5 63
103 49.5
136 -2
52 58.5
131.5 61.5
89 63.5
-122 43.5
-98 21.5
42 61
34 65.5
-119 37
18 51
93.5 63.5
-74.5 45.5
-67 -11.5
139.5 60
107 15
-76.5 0.5
-91 43
59 54.5
-82 32.5
120 58.5
-153 64.5
38.5 54
-89.5 51
71.5 61
149 -9.5
125.5 60.5
116.5 2.5
-106 38.5
68 59
22.5 44
-95 32.5
-120 61
121.5 67
135 52
122 -4
-7.5 40.5
-94 34
133 68.5
-79.5 54
16 0.5
28 40
-78.5 34
-58.5 -28.5
-54.5 -5.5
103.5 11
147.5 62
126.5 59
-78 -7.5
-123 50.5
119.5 66.5
152 60.5
38 54
99.5 63
99.5 28
-117.5 60
34.5 68
-54 -3
118.5 53.5
112.5 52
-51.5 -3
102 26
-71 -11.5
-61.5 8.5
-124.5 53.5
-53 -1
24 66
110 27
39.5 58.5
-70.5 47.5
-77.5 38.5
-110 58
103 26
-55.5 -13
46 62
8 59
-66 -8
124 62.5
93 58
27 55
2.5 45
117 66
128.5 61
110 35
154.5 65
27.5 0
15 51
34 57
87 56.5
141.5 67
109.5 36.5
148.5 -21
128 60.5
112 35
-74.5 42
-123.5 46.5
50.5 65.5
39 60.5
-131.5 67.5
46.5 66
15 3
145.5 -6.5
24 -0.5
35.5 62.5
24 48.5
23 2.5
65 58.5
99.5 62.5
-123 61
126 65.5
44 42
102 19
-51 -3
109 52.5
16 -1.5
11.5 46.5
-68 -16
49.5 -17
-70 -15.5
23.5 -5.5
122.5 7.5
-117 49
-66 47
121 69
16.5 49
10.5 49.5
69.5 64.5
-69.5 1
-86 49.5
-71 -54
-85 34
-84 48.5
28.5 52
115.5 26
119.5 30.5
-122 46
18.5 3.5
11 47.5
-110 61
-63.5 -13
-61.5 -7.5
125 60.5
24.5 61.5
98 2.5
-72 0.5
26 52.5
124.5 41
22 39.5
58.5 54
103 50.5
122.5 59
14 66.5
133 55
18.5 54
-64.5 -18
114 35
112.5 60.5
6 60.5
85.5 59.5
115 -1.5
113 22
-89 15
40.5 57
24.5 57.5
44 55
-69.5 -7
25 52.5
111 68.5
43 60
122.5 62.5
71 57.5
95 17
120.5 36.5
46 56.5
-80.5 43.5
-86.5 49
-48.5 -2
60 59
115.5 65.5
141.5 64
-79 37
101.5 26
94 28
-77.5 -8.5
53.5 64
113.5 67
94 56.5
-106.5 61.5
39.5 67
61 64.5
95 59
1.5 45
98.5 8.5
107 30.5
92 65
48 59
76 57.5
14.5 52.5
-49 -4.5
-93 16.5
-52.5 -12
39 56.5
-107.5 52.5
23.5 61.5
29.5 37.5
3.5 48
-60 -0.5
13 51.5
-113 44.5
26 61.5
128.5 56
-117 60.5
103 -2.5
114.5 60.5
106 61.5
150.5 67
13.5 51
124.5 67.5
33 56
-153.5 65.5
117 59
-69.5 1.5
-128.5 53
103.5 53.5
111 59.5
125.5 65
136 47
107.5 15
-106.5 53.5
-79 0.5
64 56.5
126 56.5
-80 39.5
111 59
41.5 63
130.5 58
14.5 4
112 56
101 61.5
9 63
-92 38
-5.5 50
23 48
98.5 1.5
128 43
138 58
12.5 50.5
44 60.5
-123.5 49.5
107 64
21.5 61.5
102 -4
13.5 59.5
150.5 68
119.5 -5.5
7.5 6
-72.5 -11.5
101 1
-71.5 48.5
-113 58.5
33 60.5
122.5 69.5
45.5 41.5
-81.5 37
-113.5 64
85.5 66
45.5 63.5
9 55.5
100.5 6.5
-73 -13.5
81.5 29
109 35.5
135.5 47
74 65
101 27.5
56 60.5
115.5 -2
-128.5 68.5
118.5 40
-124.5 53
-101 56.5
129.5 41
59.5 55.5
33.5 52
101 61
-61.5 10.5
-76 4
118.5 70.5
42.5 54.5
-53.5 -11
39 54
-124.5 47.5
-72 -10.5
35 59
101 4
44 61
-130.5 61.5
87.5 23
-7 40.5
122 49
120 64.5
127 41
121.5 52.5
135.5 59
-124.5 63.5
65 57
-119.5 64.5
131.5 53
-64 -7.5
134 58
17 -2.5
16.5 64
127 49
12 47.5
-63 -11.5
-124.5 64
30 52.5
145 69
34 53
-64.5 51
19.5 -3.5
20 50
22 41.5
-86 43
108.5 34.5
-94 44.5
-9 52
19 -0.5
-61 -6
133.5 66.5
135.5 56.5
102 22
24 -2.5
-1.5 51
158.5 64.5
150.5 62
-3 54.5
123 -1
145.5 -6
-47.5 -1.5
-126 55
89 25.5
-71.5 -12.5
26 -1.5
43 64.5
144.5 68
95.5 5
77 31.5
-101.5 57
36 55
24.5 55.5
134.5 62
94.5 25
24.5 53.5
60.5 62
126.5 35.5
-85.5 14.5
96 64.5
14 62.5
176.5 -39
116.5 -9
-109.5 62
31 3
50.5 62
10 61
90.5 59
-64 -13
23.5 51.5
-67.5 4.5
105 18
114.5 -1
152.5 64.5
36 10
68 61.5
15 64
-11 7
-84.5 40
110.5 32
-69 -15
121 50.5
46 56
-57.5 3.5
-156 61
2.5 47.5
32 -17.5
92.5 52
12 62.5
40 57.5
-62.5 -13
8.5 52
103 31.5
113 52.5
24.5 47.5
151.5 -25.5
149 64.5
-62.5 51
142.5 67
37 58.5
116.5 51.5
27 -3
97.5 3.5
-82.5 27
148 60
-126.5 52.5
111.5 -1
-68 57
18.5 46
16 65
124.5 68.5
68 57
10 52
26.5 60.5
88 51.5
131 66
-55.5 -3.5
166.5 65
100 70.5
101.5 22.5
34.5 59
114.5 68.5
-61.5 -5
0.5 49
104 -4.5
20 43
121.5 18
136 65.5
-95.5 59
81.5 63
53.5 58
21.5 55
20 -1
112.5 61.5
-52.5 -2.5
59 56
124 59
101.5 60
33 54.5
-54.5 -10.5
58.5 61
133 62
-60.5 1.5
36 59.5
-62.5 50.5
22.5 67.5
38.5 56.5
-58.5 -2.5
36.5 63.5
4.5 49.5
36 7
-57.5 0.5
109 34
111 51
-126.5 68
-137.5 66.5
33.5 68.5
136 59
110.5 31
-120.5 63
-121 42
-106 24
-111.5 34
-76.5 42
57.5 57.5
-56.5 -8
132 45.5
86 64.5
-111 40.5
33 40.5
118.5 67.5
-70.5 -3
-56.5 -1
-135 65
10.5 -1
109.5 58
140 -7
39.5 58
132 43
-73.5 50
13.5 4.5
112.5 37.5
27.5 56
-132.5 67.5
8.5 58.5
101.5 61.5
-63.5 55
-91.5 48.5
137 47
-94 50
-70 -0.5
24.5 66.5
